"DateTime";"Followers";"Flags"
"2019-07-20 00:00:00";453660;
"2019-07-21 00:00:00";454035;
"2019-07-22 00:00:00";454502;
"2019-07-23 00:00:00";454928;
"2019-07-24 00:00:00";455352;
"2019-07-25 00:00:00";455741;
"2019-07-26 00:00:00";456182;
"2019-07-27 00:00:00";456664;
"2019-07-28 00:00:00";457183;
"2019-07-29 00:00:00";457632;
"2019-07-30 00:00:00";458071;
"2019-07-31 00:00:00";458492;
"2019-08-01 00:00:00";458942;
"2019-08-02 00:00:00";459395;
"2019-08-03 00:00:00";459924;
"2019-08-04 00:00:00";460459;
"2019-08-05 00:00:00";460931;
"2019-08-06 00:00:00";461368;
"2019-08-07 00:00:00";461793;
"2019-08-08 00:00:00";462190;
"2019-08-09 00:00:00";462568;
"2019-08-10 00:00:00";463197;
"2019-08-11 00:00:00";463927;
"2019-08-12 00:00:00";464534;
"2019-08-13 00:00:00";465214;
"2019-08-14 00:00:00";465849;
"2019-08-15 00:00:00";466408;
"2019-08-16 00:00:00";466844;
"2019-08-17 00:00:00";467255;
"2019-08-18 00:00:00";467765;
"2019-08-19 00:00:00";468159;
"2019-08-20 00:00:00";468562;
"2019-08-21 00:00:00";469090;
"2019-08-22 00:00:00";469581;
"2019-08-23 00:00:00";470074;
"2019-08-24 00:00:00";470576;
"2019-08-25 00:00:00";471131;
"2019-08-26 00:00:00";471574;
"2019-08-27 00:00:00";471986;
"2019-08-28 00:00:00";472378;
"2019-08-29 00:00:00";472715;
"2019-08-30 00:00:00";473149;
"2019-08-31 00:00:00";473645;
"2019-09-01 00:00:00";474123;
"2019-09-02 00:00:00";474539;
"2019-09-03 00:00:00";474956;
"2019-09-04 00:00:00";475377;
"2019-09-05 00:00:00";475811;
"2019-09-06 00:00:00";476488;
"2019-09-07 00:00:00";477303;
"2019-09-08 00:00:00";478181;
"2019-09-09 00:00:00";478931;
"2019-09-10 00:00:00";479612;
"2019-09-11 00:00:00";480236;
"2019-09-12 00:00:00";481059;
"2019-09-13 00:00:00";482063;
"2019-09-14 00:00:00";483018;
"2019-09-15 00:00:00";483977;
"2019-09-16 00:00:00";484757;
"2019-09-17 00:00:00";485505;
"2019-09-18 00:00:00";486475;
"2019-09-19 00:00:00";487472;
"2019-09-20 00:00:00";488339;
"2019-09-21 00:00:00";489148;
"2019-09-22 00:00:00";489837;
"2019-09-23 00:00:00";490459;
"2019-09-24 00:00:00";491000;
"2019-09-25 00:00:00";491461;
"2019-09-26 00:00:00";491899;
"2019-09-27 00:00:00";492321;
"2019-09-28 00:00:00";492799;
"2019-09-29 00:00:00";493311;
"2019-09-30 00:00:00";493797;
"2019-10-01 00:00:00";494302;
"2019-10-02 00:00:00";494775;
"2019-10-03 00:00:00";495229;
"2019-10-04 00:00:00";495706;
"2019-10-05 00:00:00";496150;
"2019-10-06 00:00:00";496661;
"2019-10-07 00:00:00";497117;
"2019-10-08 00:00:00";497496;
"2019-10-09 00:00:00";497891;
"2019-10-10 00:00:00";498287;
"2019-10-11 00:00:00";498647;
"2019-10-12 00:00:00";499073;
"2019-10-13 00:00:00";499577;
"2019-10-14 00:00:00";500000;
"2019-10-15 00:00:00";500346;
"2019-10-16 00:00:00";500654;
"2019-10-17 00:00:00";500953;
"2019-10-18 00:00:00";501231;
"2019-10-19 00:00:00";501621;
"2019-10-20 00:00:00";502035;
"2019-10-21 00:00:00";502298;
"2019-10-22 00:00:00";502593;
"2019-10-23 00:00:00";502873;
"2019-10-24 00:00:00";503151;
"2019-10-25 00:00:00";503460;
"2019-10-26 00:00:00";504577;
"2019-10-27 00:00:00";505452;
"2019-10-28 00:00:00";506208;
"2019-10-29 00:00:00";506901;
"2019-10-30 00:00:00";507483;
"2019-10-31 00:00:00";508041;
"2019-11-01 00:00:00";508479;
"2019-11-02 00:00:00";508891;
"2019-11-03 00:00:00";509305;
"2019-11-04 00:00:00";509606;
"2019-11-05 00:00:00";509880;
"2019-11-06 00:00:00";510118;
"2019-11-07 00:00:00";510376;
"2019-11-08 00:00:00";510617;
"2019-11-09 00:00:00";510917;
"2019-11-10 00:00:00";511231;
"2019-11-11 00:00:00";511496;
"2019-11-12 00:00:00";511783;
"2019-11-13 00:00:00";512004;
"2019-11-14 00:00:00";512229;
"2019-11-15 00:00:00";512423;
"2019-11-16 00:00:00";512685;
"2019-11-17 00:00:00";512961;
"2019-11-18 00:00:00";513207;
"2019-11-19 00:00:00";513419;
"2019-11-20 00:00:00";513640;
"2019-11-21 00:00:00";513815;
"2019-11-22 00:00:00";514011;
"2019-11-23 00:00:00";514260;
"2019-11-24 00:00:00";514530;
"2019-11-25 00:00:00";514749;
"2019-11-26 00:00:00";514977;
"2019-11-27 00:00:00";515370;
"2019-11-28 00:00:00";515766;
"2019-11-29 00:00:00";516177;
"2019-11-30 00:00:00";516914;
"2019-12-01 00:00:00";517409;
"2019-12-02 00:00:00";517728;
"2019-12-03 00:00:00";518079;
"2019-12-04 00:00:00";518392;
"2019-12-05 00:00:00";518642;
"2019-12-06 00:00:00";518856;
"2019-12-07 00:00:00";519123;
"2019-12-08 00:00:00";519474;
"2019-12-09 00:00:00";519806;
"2019-12-10 00:00:00";520076;
"2019-12-11 00:00:00";520323;
"2019-12-12 00:00:00";520568;
"2019-12-13 00:00:00";520849;
"2019-12-14 00:00:00";521249;
"2019-12-15 00:00:00";521665;
"2019-12-16 00:00:00";521924;
"2019-12-17 00:00:00";522136;
"2019-12-18 00:00:00";522357;
"2019-12-19 00:00:00";522626;
"2019-12-20 00:00:00";523682;
"2019-12-21 00:00:00";524850;
"2019-12-22 00:00:00";526031;
"2019-12-23 00:00:00";526804;
"2019-12-24 00:00:00";527503;
"2019-12-25 00:00:00";528160;
"2019-12-26 00:00:00";528846;
"2019-12-27 00:00:00";529437;
"2019-12-28 00:00:00";530101;
"2019-12-29 00:00:00";530694;
"2019-12-30 00:00:00";531301;
"2019-12-31 00:00:00";531883;
"2020-01-01 00:00:00";532469;
"2020-01-02 00:00:00";533059;
"2020-01-03 00:00:00";533570;
"2020-01-04 00:00:00";534010;
"2020-01-05 00:00:00";534457;
"2020-01-06 00:00:00";534932;
"2020-01-07 00:00:00";535384;
"2020-01-08 00:00:00";535920;
"2020-01-09 00:00:00";536871;
"2020-01-10 00:00:00";539901;
"2020-01-11 00:00:00";542116;
"2020-01-12 00:00:00";543832;
"2020-01-13 00:00:00";545118;
"2020-01-14 00:00:00";546205;
"2020-01-15 00:00:00";547182;
"2020-01-16 00:00:00";548061;
"2020-01-17 00:00:00";548848;
"2020-01-18 00:00:00";549677;
"2020-01-19 00:00:00";550502;
"2020-01-20 00:00:00";551302;
"2020-01-21 00:00:00";552049;
"2020-01-22 00:00:00";552835;
"2020-01-23 00:00:00";553624;
"2020-01-24 00:00:00";554554;
"2020-01-25 00:00:00";555513;
"2020-01-26 00:00:00";556666;
"2020-01-27 00:00:00";557889;
"2020-01-28 00:00:00";559011;
"2020-01-29 00:00:00";560077;
"2020-01-30 00:00:00";561054;
"2020-01-31 00:00:00";561902;
"2020-02-01 00:00:00";562768;
"2020-02-02 00:00:00";563689;
"2020-02-03 00:00:00";564567;
"2020-02-04 00:00:00";565389;
"2020-02-05 00:00:00";565999;
"2020-02-06 00:00:00";566950;
"2020-02-07 00:00:00";567948;
"2020-02-08 00:00:00";568928;
"2020-02-09 00:00:00";569989;
"2020-02-10 00:00:00";570877;
"2020-02-11 00:00:00";571818;
"2020-02-12 00:00:00";573237;
"2020-02-13 00:00:00";574606;
"2020-02-14 00:00:00";575666;
"2020-02-15 00:00:00";576876;
"2020-02-16 00:00:00";578193;
"2020-02-17 00:00:00";579375;
"2020-02-18 00:00:00";580481;
"2020-02-19 00:00:00";581334;
"2020-02-20 00:00:00";582172;
"2020-02-21 00:00:00";582901;
"2020-02-22 00:00:00";583647;
"2020-02-23 00:00:00";584503;
"2020-02-24 00:00:00";585281;
"2020-02-25 00:00:00";585977;
"2020-02-26 00:00:00";586614;
"2020-02-27 00:00:00";587229;
"2020-02-28 00:00:00";587859;
"2020-02-29 00:00:00";588520;
"2020-03-01 00:00:00";589166;
"2020-03-02 00:00:00";589756;
"2020-03-03 00:00:00";590308;
"2020-03-04 00:00:00";590793;
"2020-03-05 00:00:00";591197;
"2020-03-06 00:00:00";591618;
"2020-03-07 00:00:00";592084;
"2020-03-08 00:00:00";592618;
"2020-03-09 00:00:00";593131;
"2020-03-10 00:00:00";593591;
"2020-03-11 00:00:00";594060;
"2020-03-12 00:00:00";594580;
"2020-03-13 00:00:00";595119;
"2020-03-14 00:00:00";595557;
"2020-03-15 00:00:00";596046;
"2020-03-16 00:00:00";596495;
"2020-03-17 00:00:00";596932;
"2020-03-18 00:00:00";597365;
"2020-03-19 00:00:00";597810;
"2020-03-20 00:00:00";598509;
"2020-03-21 00:00:00";599269;
"2020-03-22 00:00:00";600059;
"2020-03-23 00:00:00";600786;
"2020-03-24 00:00:00";601437;
"2020-03-25 00:00:00";602041;
"2020-03-26 00:00:00";602670;
"2020-03-27 00:00:00";603531;
"2020-03-28 00:00:00";604450;
"2020-03-29 00:00:00";605320;
"2020-03-30 00:00:00";606042;
"2020-03-31 00:00:00";606669;
"2020-04-01 00:00:00";607306;
"2020-04-02 00:00:00";607785;
"2020-04-03 00:00:00";608232;
"2020-04-04 00:00:00";608857;
"2020-04-05 00:00:00";609385;
"2020-04-06 00:00:00";609851;
"2020-04-07 00:00:00";610269;
"2020-04-08 00:00:00";610668;
"2020-04-09 00:00:00";611153;
"2020-04-10 00:00:00";611755;
"2020-04-11 00:00:00";612360;
"2020-04-12 00:00:00";612919;
"2020-04-13 00:00:00";613410;
"2020-04-14 00:00:00";613840;
"2020-04-15 00:00:00";614286;
"2020-04-16 00:00:00";614707;
"2020-04-17 00:00:00";615076;
"2020-04-18 00:00:00";615480;
"2020-04-19 00:00:00";615900;
"2020-04-20 00:00:00";616277;
"2020-04-21 00:00:00";616670;
"2020-04-22 00:00:00";617047;
"2020-04-23 00:00:00";617502;
"2020-04-24 00:00:00";617883;
"2020-04-25 00:00:00";618332;
"2020-04-26 00:00:00";618771;
"2020-04-27 00:00:00";619172;
"2020-04-28 00:00:00";619523;
"2020-04-29 00:00:00";619906;
"2020-04-30 00:00:00";620260;
"2020-05-01 00:00:00";620787;
"2020-05-02 00:00:00";621335;
"2020-05-03 00:00:00";621902;
"2020-05-04 00:00:00";622382;
"2020-05-05 00:00:00";622870;
"2020-05-06 00:00:00";623413;
"2020-05-07 00:00:00";623904;
"2020-05-08 00:00:00";624788;
"2020-05-09 00:00:00";625589;
"2020-05-10 00:00:00";626308;
"2020-05-11 00:00:00";626833;
"2020-05-12 00:00:00";627347;
"2020-05-13 00:00:00";627789;
"2020-05-14 00:00:00";628205;
"2020-05-15 00:00:00";628557;
"2020-05-16 00:00:00";628958;
"2020-05-17 00:00:00";629343;
"2020-05-18 00:00:00";629704;
"2020-05-19 00:00:00";630077;
"2020-05-20 00:00:00";630437;
"2020-05-21 00:00:00";630766;
"2020-05-22 00:00:00";631095;
"2020-05-23 00:00:00";631435;
"2020-05-24 00:00:00";631780;
"2020-05-25 00:00:00";632094;
"2020-05-26 00:00:00";632373;
"2020-05-27 00:00:00";632679;
"2020-05-28 00:00:00";632928;
"2020-05-29 00:00:00";633178;
"2020-05-30 00:00:00";633471;
"2020-05-31 00:00:00";633780;
"2020-06-01 00:00:00";634075;
"2020-06-02 00:00:00";634332;
"2020-06-03 00:00:00";634564;
"2020-06-04 00:00:00";634933;
"2020-06-05 00:00:00";635077;
"2020-06-06 00:00:00";635353;
"2020-06-07 00:00:00";635676;
"2020-06-08 00:00:00";635940;
"2020-06-09 00:00:00";636202;
"2020-06-10 00:00:00";636424;
"2020-06-11 00:00:00";636665;
"2020-06-12 00:00:00";636893;
"2020-06-13 00:00:00";637168;
"2020-06-14 00:00:00";637462;
"2020-06-15 00:00:00";637700;
"2020-06-16 00:00:00";637943;
"2020-06-17 00:00:00";638187;
"2020-06-18 00:00:00";638419;
"2020-06-19 00:00:00";638660;
"2020-06-20 00:00:00";638901;
"2020-06-21 00:00:00";639193;
"2020-06-22 00:00:00";639457;
"2020-06-23 00:00:00";639682;
"2020-06-24 00:00:00";639908;
"2020-06-25 00:00:00";640219;
"2020-06-26 00:00:00";640813;
"2020-06-27 00:00:00";641444;
"2020-06-28 00:00:00";642106;
"2020-06-29 00:00:00";642611;
"2020-06-30 00:00:00";643102;
"2020-07-01 00:00:00";643709;
"2020-07-02 00:00:00";644431;
"2020-07-03 00:00:00";645010;
"2020-07-04 00:00:00";645476;
"2020-07-05 00:00:00";645985;
"2020-07-06 00:00:00";646416;
"2020-07-07 00:00:00";646822;
"2020-07-08 00:00:00";647248;
"2020-07-09 00:00:00";647764;
"2020-07-10 00:00:00";648260;
"2020-07-11 00:00:00";648662;
"2020-07-12 00:00:00";649069;
"2020-07-13 00:00:00";649459;
"2020-07-14 00:00:00";649798;
"2020-07-15 00:00:00";650104;
"2020-07-16 00:00:00";650414;
"2020-07-17 00:00:00";650841;
"2020-07-18 00:00:00";651303;
"2020-07-19 00:00:00";651756;
"2020-07-20 00:00:00";652064;
"2020-07-21 00:00:00";652425;
"2020-07-22 00:00:00";652812;
"2020-07-23 00:00:00";653162;
"2020-07-24 00:00:00";653463;
"2020-07-25 00:00:00";653757;
"2020-07-26 00:00:00";654074;
"2020-07-27 00:00:00";654350;
"2020-07-28 00:00:00";654642;
"2020-07-29 00:00:00";654927;
"2020-07-30 00:00:00";655167;
"2020-07-31 00:00:00";655419;
"2020-08-01 00:00:00";655689;
"2020-08-02 00:00:00";655961;
"2020-08-03 00:00:00";656233;
"2020-08-04 00:00:00";656446;
"2020-08-05 00:00:00";656689;
"2020-08-06 00:00:00";656945;
"2020-08-07 00:00:00";657257;
"2020-08-08 00:00:00";657572;
"2020-08-09 00:00:00";657885;
"2020-08-10 00:00:00";658211;
"2020-08-11 00:00:00";658518;
"2020-08-12 00:00:00";658799;
"2020-08-13 00:00:00";659050;
"2020-08-14 00:00:00";659326;
"2020-08-15 00:00:00";659613;
"2020-08-16 00:00:00";659881;
"2020-08-17 00:00:00";660142;
"2020-08-18 00:00:00";660379;
"2020-08-19 00:00:00";660638;
"2020-08-20 00:00:00";660909;
"2020-08-21 00:00:00";661147;
"2020-08-22 00:00:00";661384;
"2020-08-23 00:00:00";661705;
"2020-08-24 00:00:00";661941;
"2020-08-25 00:00:00";662194;
"2020-08-26 00:00:00";662420;
"2020-08-27 00:00:00";662643;
"2020-08-28 00:00:00";662866;
"2020-08-29 00:00:00";663133;
"2020-08-30 00:00:00";663450;
"2020-08-31 00:00:00";663729;
"2020-09-01 00:00:00";663997;
"2020-09-02 00:00:00";664250;
"2020-09-03 00:00:00";664463;
"2020-09-04 00:00:00";664703;
"2020-09-05 00:00:00";664995;
"2020-09-06 00:00:00";665283;
"2020-09-07 00:00:00";665476;
"2020-09-08 00:00:00";665711;
"2020-09-09 00:00:00";665935;
"2020-09-10 00:00:00";666172;
"2020-09-11 00:00:00";666413;
"2020-09-12 00:00:00";666700;
"2020-09-13 00:00:00";666989;
"2020-09-14 00:00:00";667239;
"2020-09-15 00:00:00";667452;
"2020-09-16 00:00:00";667670;
"2020-09-17 00:00:00";667871;
"2020-09-18 00:00:00";668058;
"2020-09-19 00:00:00";668311;
"2020-09-20 00:00:00";668589;
"2020-09-21 00:00:00";668801;
"2020-09-22 00:00:00";668990;
"2020-09-23 00:00:00";669182;
"2020-09-24 00:00:00";669371;
"2020-09-25 00:00:00";669679;
"2020-09-26 00:00:00";670089;
"2020-09-27 00:00:00";670429;
"2020-09-28 00:00:00";670698;
"2020-09-29 00:00:00";671020;
"2020-09-30 00:00:00";671328;
"2020-10-01 00:00:00";671684;
"2020-10-02 00:00:00";672088;
"2020-10-03 00:00:00";672536;
"2020-10-04 00:00:00";672983;
"2020-10-05 00:00:00";673402;
"2020-10-06 00:00:00";673813;
"2020-10-07 00:00:00";674131;
"2020-10-08 00:00:00";674427;
"2020-10-09 00:00:00";674787;
"2020-10-10 00:00:00";675130;
"2020-10-11 00:00:00";675507;
"2020-10-12 00:00:00";675837;
"2020-10-13 00:00:00";676115;
"2020-10-14 00:00:00";676373;
"2020-10-15 00:00:00";676642;
"2020-10-16 00:00:00";676932;
"2020-10-17 00:00:00";677236;
"2020-10-18 00:00:00";677501;
"2020-10-19 00:00:00";677788;
"2020-10-20 00:00:00";678031;
"2020-10-21 00:00:00";678269;
"2020-10-22 00:00:00";678483;
"2020-10-23 00:00:00";678709;
"2020-10-24 00:00:00";678962;
"2020-10-25 00:00:00";679198;
"2020-10-26 00:00:00";679388;
"2020-10-27 00:00:00";679549;
"2020-10-28 00:00:00";679720;
"2020-10-29 00:00:00";679850;
"2020-10-30 00:00:00";680087;
"2020-10-31 00:00:00";680393;
"2020-11-01 00:00:00";680702;
"2020-11-02 00:00:00";680964;
"2020-11-03 00:00:00";681205;
"2020-11-04 00:00:00";681418;
"2020-11-05 00:00:00";681682;
"2020-11-06 00:00:00";681946;
"2020-11-07 00:00:00";682396;
"2020-11-08 00:00:00";682834;
"2020-11-09 00:00:00";683141;
"2020-11-10 00:00:00";683387;
"2020-11-11 00:00:00";683617;
"2020-11-12 00:00:00";683821;
"2020-11-13 00:00:00";684060;
"2020-11-14 00:00:00";684334;
"2020-11-15 00:00:00";684612;
"2020-11-16 00:00:00";684841;
"2020-11-17 00:00:00";685071;
"2020-11-18 00:00:00";685288;
"2020-11-19 00:00:00";685489;
"2020-11-20 00:00:00";685696;
"2020-11-21 00:00:00";685914;
"2020-11-22 00:00:00";686149;
"2020-11-23 00:00:00";686328;
"2020-11-24 00:00:00";686509;
"2020-11-25 00:00:00";686673;
"2020-11-26 00:00:00";687108;
"2020-11-27 00:00:00";687624;
"2020-11-28 00:00:00";688242;
"2020-11-29 00:00:00";688825;
"2020-11-30 00:00:00";689274;
"2020-12-01 00:00:00";689668;
"2020-12-02 00:00:00";690005;
"2020-12-03 00:00:00";690214;
"2020-12-04 00:00:00";690477;
"2020-12-05 00:00:00";690820;
"2020-12-06 00:00:00";691113;
"2020-12-07 00:00:00";691362;
"2020-12-08 00:00:00";691539;
"2020-12-09 00:00:00";691720;
"2020-12-10 00:00:00";691905;
"2020-12-11 00:00:00";692141;
"2020-12-12 00:00:00";692439;
"2020-12-13 00:00:00";692692;
"2020-12-14 00:00:00";692900;
"2020-12-15 00:00:00";693073;
"2020-12-16 00:00:00";693293;
"2020-12-17 00:00:00";693443;
"2020-12-18 00:00:00";693677;
"2020-12-19 00:00:00";693922;
"2020-12-20 00:00:00";694154;
"2020-12-21 00:00:00";694346;
"2020-12-22 00:00:00";694589;
"2020-12-23 00:00:00";694908;
"2020-12-24 00:00:00";695324;
"2020-12-25 00:00:00";695693;
"2020-12-26 00:00:00";696098;
"2020-12-27 00:00:00";696534;
"2020-12-28 00:00:00";696876;
"2020-12-29 00:00:00";697223;
"2020-12-30 00:00:00";697576;
"2020-12-31 00:00:00";697953;
"2021-01-01 00:00:00";698307;
"2021-01-02 00:00:00";698661;
"2021-01-03 00:00:00";699146;
"2021-01-04 00:00:00";699529;
"2021-01-05 00:00:00";699841;
"2021-01-06 00:00:00";700189;
"2021-01-07 00:00:00";700433;
"2021-01-08 00:00:00";700685;
"2021-01-09 00:00:00";700934;
"2021-01-10 00:00:00";701213;
"2021-01-11 00:00:00";701503;
"2021-01-12 00:00:00";701743;
"2021-01-13 00:00:00";701962;
"2021-01-14 00:00:00";702207;
"2021-01-15 00:00:00";702397;
"2021-01-16 00:00:00";702618;
"2021-01-17 00:00:00";702877;
"2021-01-18 00:00:00";703121;
"2021-01-19 00:00:00";703319;
"2021-01-20 00:00:00";703535;
"2021-01-21 00:00:00";703717;
"2021-01-22 00:00:00";703915;
"2021-01-23 00:00:00";704137;
"2021-01-24 00:00:00";704360;
"2021-01-25 00:00:00";704572;
"2021-01-26 00:00:00";704770;
"2021-01-27 00:00:00";704959;
"2021-01-28 00:00:00";705124;
"2021-01-29 00:00:00";705309;
"2021-01-30 00:00:00";705512;
"2021-01-31 00:00:00";705759;
"2021-02-01 00:00:00";705988;
"2021-02-02 00:00:00";706175;
"2021-02-03 00:00:00";706364;
"2021-02-04 00:00:00";706542;
"2021-02-05 00:00:00";706708;
"2021-02-06 00:00:00";706889;
"2021-02-07 00:00:00";707150;
"2021-02-08 00:00:00";707369;
"2021-02-09 00:00:00";707565;
"2021-02-10 00:00:00";707786;
"2021-02-11 00:00:00";707983;
"2021-02-12 00:00:00";708325;
"2021-02-13 00:00:00";708682;
"2021-02-14 00:00:00";709053;
"2021-02-15 00:00:00";709415;
"2021-02-16 00:00:00";709729;
"2021-02-17 00:00:00";709978;
"2021-02-18 00:00:00";710227;
"2021-02-19 00:00:00";710475;
"2021-02-20 00:00:00";710709;
"2021-02-21 00:00:00";710960;
"2021-02-22 00:00:00";711177;
"2021-02-23 00:00:00";711381;
"2021-02-24 00:00:00";711570;
"2021-02-25 00:00:00";711725;
"2021-02-26 00:00:00";711885;
"2021-02-27 00:00:00";712101;
"2021-02-28 00:00:00";712326;
"2021-03-01 00:00:00";712522;
"2021-03-02 00:00:00";712716;
"2021-03-03 00:00:00";712917;
"2021-03-04 00:00:00";713100;
"2021-03-05 00:00:00";713258;
"2021-03-06 00:00:00";713511;
"2021-03-07 00:00:00";713713;
"2021-03-08 00:00:00";713897;
"2021-03-09 00:00:00";714087;
"2021-03-10 00:00:00";714286;
"2021-03-11 00:00:00";714459;
"2021-03-12 00:00:00";714648;
"2021-03-13 00:00:00";714881;
"2021-03-14 00:00:00";715085;
"2021-03-15 00:00:00";715258;
"2021-03-16 00:00:00";715433;
"2021-03-17 00:00:00";715590;
"2021-03-18 00:00:00";715768;
"2021-03-19 00:00:00";715978;
"2021-03-20 00:00:00";716178;
"2021-03-21 00:00:00";716391;
"2021-03-22 00:00:00";716565;
"2021-03-23 00:00:00";716749;
"2021-03-24 00:00:00";716932;
"2021-03-25 00:00:00";717110;
"2021-03-26 00:00:00";717356;
"2021-03-27 00:00:00";717654;
"2021-03-28 00:00:00";717987;
"2021-03-29 00:00:00";718290;
"2021-03-30 00:00:00";718537;
"2021-03-31 00:00:00";718804;
"2021-04-01 00:00:00";719018;
"2021-04-02 00:00:00";719270;
"2021-04-03 00:00:00";719515;
"2021-04-04 00:00:00";719818;
"2021-04-05 00:00:00";720086;
"2021-04-06 00:00:00";720354;
"2021-04-07 00:00:00";720585;
"2021-04-08 00:00:00";720794;
"2021-04-09 00:00:00";721022;
"2021-04-10 00:00:00";721294;
"2021-04-11 00:00:00";721562;
"2021-04-12 00:00:00";721785;
"2021-04-13 00:00:00";721977;
"2021-04-14 00:00:00";722268;
"2021-04-15 00:00:00";722528;
"2021-04-16 00:00:00";722832;
"2021-04-17 00:00:00";723170;
"2021-04-18 00:00:00";723546;
"2021-04-19 00:00:00";723845;
"2021-04-20 00:00:00";724087;
"2021-04-21 00:00:00";724298;
"2021-04-22 00:00:00";724509;
"2021-04-23 00:00:00";724750;
"2021-04-24 00:00:00";724983;
"2021-04-25 00:00:00";725183;
"2021-04-26 00:00:00";725384;
"2021-04-27 00:00:00";725603;
"2021-04-28 00:00:00";725787;
"2021-04-29 00:00:00";725962;
"2021-04-30 00:00:00";726151;
"2021-05-01 00:00:00";726421;
"2021-05-02 00:00:00";726660;
"2021-05-03 00:00:00";726893;
"2021-05-04 00:00:00";727093;
"2021-05-05 00:00:00";727328;
"2021-05-06 00:00:00";727514;
"2021-05-07 00:00:00";727708;
"2021-05-08 00:00:00";727879;
"2021-05-09 00:00:00";728071;
"2021-05-10 00:00:00";728169;
"2021-05-11 00:00:00";728341;
"2021-05-12 00:00:00";728484;
"2021-05-13 00:00:00";728648;
"2021-05-14 00:00:00";728755;
"2021-05-15 00:00:00";728913;
"2021-05-16 00:00:00";729088;
"2021-05-17 00:00:00";729234;
"2021-05-18 00:00:00";729377;
"2021-05-19 00:00:00";729511;
"2021-05-20 00:00:00";729635;
"2021-05-21 00:00:00";729752;
"2021-05-22 00:00:00";729911;
"2021-05-23 00:00:00";730098;
"2021-05-24 00:00:00";730237;
"2021-05-25 00:00:00";730362;
"2021-05-26 00:00:00";730502;
"2021-05-27 00:00:00";730632;
"2021-05-28 00:00:00";730911;
"2021-05-29 00:00:00";731342;
"2021-05-30 00:00:00";731749;
"2021-05-31 00:00:00";732062;
"2021-06-01 00:00:00";732319;
"2021-06-02 00:00:00";732477;
"2021-06-03 00:00:00";732663;
"2021-06-04 00:00:00";732849;
"2021-06-05 00:00:00";733036;
"2021-06-06 00:00:00";733240;
"2021-06-07 00:00:00";733413;
"2021-06-08 00:00:00";733554;
"2021-06-09 00:00:00";733705;
"2021-06-10 00:00:00";733856;
"2021-06-11 00:00:00";733982;
"2021-06-12 00:00:00";734150;
"2021-06-13 00:00:00";734315;
"2021-06-14 00:00:00";734454;
"2021-06-15 00:00:00";734549;
"2021-06-16 00:00:00";734708;
"2021-06-17 00:00:00";734812;
"2021-06-18 00:00:00";734906;
"2021-06-19 00:00:00";735056;
"2021-06-20 00:00:00";735216;
"2021-06-21 00:00:00";735368;
"2021-06-22 00:00:00";735514;
"2021-06-23 00:00:00";735644;
"2021-06-24 00:00:00";735759;
"2021-06-25 00:00:00";736093;
"2021-06-26 00:00:00";736489;
"2021-06-27 00:00:00";736880;
"2021-06-28 00:00:00";737184;
"2021-06-29 00:00:00";737451;
"2021-06-30 00:00:00";737690;
"2021-07-01 00:00:00";737916;
"2021-07-02 00:00:00";738236;
"2021-07-03 00:00:00";738540;
"2021-07-04 00:00:00";738880;
"2021-07-05 00:00:00";739153;
"2021-07-06 00:00:00";739400;
"2021-07-07 00:00:00";739640;
"2021-07-08 00:00:00";739867;
"2021-07-09 00:00:00";740111;
"2021-07-10 00:00:00";740326;
"2021-07-11 00:00:00";740529;
"2021-07-12 00:00:00";740675;
"2021-07-13 00:00:00";740815;
"2021-07-14 00:00:00";740992;
"2021-07-15 00:00:00";741118;
"2021-07-16 00:00:00";741246;
"2021-07-17 00:00:00";741405;
"2021-07-18 00:00:00";741539;
"2021-07-19 00:00:00";741677;
"2021-07-20 00:00:00";741809;
"2021-07-21 00:00:00";741926;
"2021-07-22 00:00:00";742057;
"2021-07-23 00:00:00";742178;
"2021-07-24 00:00:00";742331;
"2021-07-25 00:00:00";742487;
"2021-07-26 00:00:00";742627;
"2021-07-27 00:00:00";742778;
"2021-07-28 00:00:00";742911;
"2021-07-29 00:00:00";743054;
"2021-07-30 00:00:00";743187;
"2021-07-31 00:00:00";743336;
"2021-08-01 00:00:00";743464;
"2021-08-02 00:00:00";743578;
"2021-08-03 00:00:00";743704;
"2021-08-04 00:00:00";743827;
"2021-08-05 00:00:00";743958;
"2021-08-06 00:00:00";744068;
"2021-08-07 00:00:00";744188;
"2021-08-08 00:00:00";744319;
"2021-08-09 00:00:00";744442;
"2021-08-10 00:00:00";744584;
"2021-08-11 00:00:00";744708;
"2021-08-12 00:00:00";744826;
"2021-08-13 00:00:00";745080;
"2021-08-14 00:00:00";745393;
"2021-08-15 00:00:00";745762;
"2021-08-16 00:00:00";746075;
"2021-08-17 00:00:00";746375;
"2021-08-18 00:00:00";746623;
"2021-08-19 00:00:00";746864;
"2021-08-20 00:00:00";747062;
"2021-08-21 00:00:00";747261;
"2021-08-22 00:00:00";747456;
"2021-08-23 00:00:00";747648;
"2021-08-24 00:00:00";747803;
"2021-08-25 00:00:00";747976;
"2021-08-26 00:00:00";748115;
"2021-08-27 00:00:00";748271;
"2021-08-28 00:00:00";748428;
"2021-08-29 00:00:00";748578;
"2021-08-30 00:00:00";748741;
"2021-08-31 00:00:00";748890;
"2021-09-01 00:00:00";749017;
"2021-09-02 00:00:00";749131;
"2021-09-03 00:00:00";749270;
"2021-09-04 00:00:00";749420;
"2021-09-05 00:00:00";749576;
"2021-09-06 00:00:00";749720;
"2021-09-07 00:00:00";749840;
"2021-09-08 00:00:00";749969;
"2021-09-09 00:00:00";750089;
"2021-09-10 00:00:00";750224;
"2021-09-11 00:00:00";750343;
"2021-09-12 00:00:00";750486;
"2021-09-13 00:00:00";750625;
"2021-09-14 00:00:00";750751;
"2021-09-15 00:00:00";750846;
"2021-09-16 00:00:00";750937;
"2021-09-17 00:00:00";751045;
"2021-09-18 00:00:00";751149;
"2021-09-19 00:00:00";751268;
"2021-09-20 00:00:00";751380;
"2021-09-21 00:00:00";751482;
"2021-09-22 00:00:00";751596;
"2021-09-23 00:00:00";751704;
"2021-09-24 00:00:00";751815;
"2021-09-25 00:00:00";751932;
"2021-09-26 00:00:00";752038;
"2021-09-27 00:00:00";752182;
"2021-09-28 00:00:00";752268;
"2021-09-29 00:00:00";752364;
"2021-09-30 00:00:00";752606;
"2021-10-01 00:00:00";752827;
"2021-10-02 00:00:00";753069;
"2021-10-03 00:00:00";753318;
"2021-10-04 00:00:00";753496;
"2021-10-05 00:00:00";753662;
"2021-10-06 00:00:00";753820;
"2021-10-07 00:00:00";753955;
"2021-10-08 00:00:00";754075;
"2021-10-09 00:00:00";754166;
"2021-10-10 00:00:00";754305;
"2021-10-11 00:00:00";754394;
"2021-10-12 00:00:00";754506;
"2021-10-13 00:00:00";754615;
"2021-10-14 00:00:00";754704;
"2021-10-15 00:00:00";754798;
"2021-10-16 00:00:00";754901;
"2021-10-17 00:00:00";755041;
"2021-10-18 00:00:00";755152;
"2021-10-19 00:00:00";755261;
"2021-10-20 00:00:00";755378;
"2021-10-21 00:00:00";755474;
"2021-10-22 00:00:00";755564;
"2021-10-23 00:00:00";755669;
"2021-10-24 00:00:00";755772;
"2021-10-25 00:00:00";755859;
"2021-10-26 00:00:00";755971;
"2021-10-27 00:00:00";756079;
"2021-10-28 00:00:00";756150;
"2021-10-29 00:00:00";756286;
"2021-10-30 00:00:00";756491;
"2021-10-31 00:00:00";756702;
"2021-11-01 00:00:00";756865;
"2021-11-02 00:00:00";757006;
"2021-11-03 00:00:00";757132;
"2021-11-04 00:00:00";757228;
"2021-11-05 00:00:00";757327;
"2021-11-06 00:00:00";757464;
"2021-11-07 00:00:00";757603;
"2021-11-08 00:00:00";757696;
"2021-11-09 00:00:00";757784;
"2021-11-10 00:00:00";757872;
"2021-11-11 00:00:00";757966;
"2021-11-12 00:00:00";758055;
"2021-11-13 00:00:00";758168;
"2021-11-14 00:00:00";758275;
"2021-11-15 00:00:00";758358;
"2021-11-16 00:00:00";758426;
"2021-11-17 00:00:00";758507;
"2021-11-18 00:00:00";758595;
"2021-11-19 00:00:00";758681;
"2021-11-20 00:00:00";758764;
"2021-11-21 00:00:00";758889;
"2021-11-22 00:00:00";758965;
"2021-11-23 00:00:00";759058;
"2021-11-24 00:00:00";759139;
"2021-11-25 00:00:00";759306;
"2021-11-26 00:00:00";759545;
"2021-11-27 00:00:00";759740;
"2021-11-28 00:00:00";759932;
"2021-11-29 00:00:00";760117;
"2021-11-30 00:00:00";760261;
"2021-12-01 00:00:00";760402;
"2021-12-02 00:00:00";760531;
"2021-12-03 00:00:00";760638;
"2021-12-04 00:00:00";760737;
"2021-12-05 00:00:00";760850;
"2021-12-06 00:00:00";760934;
"2021-12-07 00:00:00";761023;
"2021-12-08 00:00:00";761125;
"2021-12-09 00:00:00";761218;
"2021-12-10 00:00:00";761351;
"2021-12-11 00:00:00";761464;
"2021-12-12 00:00:00";761635;
"2021-12-13 00:00:00";761741;
"2021-12-14 00:00:00";761852;
"2021-12-15 00:00:00";761928;
"2021-12-16 00:00:00";761980;
"2021-12-17 00:00:00";762062;
"2021-12-18 00:00:00";762162;
"2021-12-19 00:00:00";762274;
"2021-12-20 00:00:00";762372;
"2021-12-21 00:00:00";762470;
"2021-12-22 00:00:00";762544;
"2021-12-23 00:00:00";762629;
"2021-12-24 00:00:00";762797;
"2021-12-25 00:00:00";762917;
"2021-12-26 00:00:00";763052;
"2021-12-27 00:00:00";763186;
"2021-12-28 00:00:00";763269;
"2021-12-29 00:00:00";763407;
"2021-12-30 00:00:00";763528;
"2021-12-31 00:00:00";763659;
"2022-01-01 00:00:00";763769;
"2022-01-02 00:00:00";763912;
"2022-01-03 00:00:00";764029;
"2022-01-04 00:00:00";764106;
"2022-01-05 00:00:00";764198;
"2022-01-06 00:00:00";764327;
"2022-01-07 00:00:00";764420;
"2022-01-08 00:00:00";764515;
"2022-01-09 00:00:00";764628;
"2022-01-10 00:00:00";764696;
"2022-01-11 00:00:00";764796;
"2022-01-12 00:00:00";764899;
"2022-01-13 00:00:00";764976;
"2022-01-14 00:00:00";765053;
"2022-01-15 00:00:00";765134;
"2022-01-16 00:00:00";765233;
"2022-01-17 00:00:00";765315;
"2022-01-18 00:00:00";765412;
"2022-01-19 00:00:00";765494;
"2022-01-20 00:00:00";765595;
"2022-01-21 00:00:00";765667;
"2022-01-22 00:00:00";765763;
"2022-01-23 00:00:00";765856;
"2022-01-24 00:00:00";765952;
"2022-01-25 00:00:00";766040;
"2022-01-26 00:00:00";766095;
"2022-01-27 00:00:00";766181;
"2022-01-28 00:00:00";766237;
"2022-01-29 00:00:00";766309;
"2022-01-30 00:00:00";766395;
"2022-01-31 00:00:00";766465;
"2022-02-01 00:00:00";766558;
"2022-02-02 00:00:00";766630;
"2022-02-03 00:00:00";766729;
"2022-02-04 00:00:00";766825;
"2022-02-05 00:00:00";766905;
"2022-02-06 00:00:00";766992;
"2022-02-07 00:00:00";767077;
"2022-02-08 00:00:00";767123;
"2022-02-09 00:00:00";767179;
"2022-02-10 00:00:00";767249;
"2022-02-11 00:00:00";767331;
"2022-02-12 00:00:00";767394;
"2022-02-13 00:00:00";767447;
"2022-02-14 00:00:00";767523;
"2022-02-15 00:00:00";767577;
"2022-02-16 00:00:00";767649;
"2022-02-17 00:00:00";767707;
"2022-02-18 00:00:00";767773;
"2022-02-19 00:00:00";767835;
"2022-02-20 00:00:00";767909;
"2022-02-21 00:00:00";767967;
"2022-02-22 00:00:00";768044;
"2022-02-23 00:00:00";768099;
"2022-02-24 00:00:00";768144;
"2022-02-25 00:00:00";768217;
"2022-02-26 00:00:00";768275;
"2022-02-27 00:00:00";768326;
"2022-02-28 00:00:00";768386;
"2022-03-01 00:00:00";768455;
"2022-03-02 00:00:00";768514;
"2022-03-03 00:00:00";768566;
"2022-03-04 00:00:00";768627;
"2022-03-05 00:00:00";768668;
"2022-03-06 00:00:00";768752;
"2022-03-07 00:00:00";768814;
"2022-03-08 00:00:00";768877;
"2022-03-09 00:00:00";768941;
"2022-03-10 00:00:00";768980;
"2022-03-11 00:00:00";769037;
"2022-03-12 00:00:00";769095;
"2022-03-13 00:00:00";769155;
"2022-03-14 00:00:00";769227;
"2022-03-15 00:00:00";769350;
"2022-03-16 00:00:00";769531;
"2022-03-17 00:00:00";769702;
"2022-03-18 00:00:00";769877;
"2022-03-19 00:00:00";770052;
"2022-03-20 00:00:00";770259;
"2022-03-21 00:00:00";770418;
"2022-03-22 00:00:00";770550;
"2022-03-23 00:00:00";770632;
"2022-03-24 00:00:00";770693;
"2022-03-25 00:00:00";770761;
"2022-03-26 00:00:00";770823;
"2022-03-27 00:00:00";770901;
"2022-03-28 00:00:00";770966;
"2022-03-29 00:00:00";771043;
"2022-03-30 00:00:00";771104;
"2022-03-31 00:00:00";771145;
"2022-04-01 00:00:00";771195;
"2022-04-02 00:00:00";771253;
"2022-04-03 00:00:00";771327;
"2022-04-04 00:00:00";771387;
"2022-04-05 00:00:00";771455;
"2022-04-06 00:00:00";771514;
"2022-04-07 00:00:00";771557;
"2022-04-08 00:00:00";771629;
"2022-04-09 00:00:00";771675;
"2022-04-10 00:00:00";771759;
"2022-04-11 00:00:00";771809;
"2022-04-12 00:00:00";771858;
"2022-04-13 00:00:00";771954;
"2022-04-14 00:00:00";772008;
"2022-04-15 00:00:00";772081;
"2022-04-16 00:00:00";772163;
"2022-04-17 00:00:00";772238;
"2022-04-18 00:00:00";772290;
"2022-04-19 00:00:00";772323;
"2022-04-20 00:00:00";772378;
"2022-04-21 00:00:00";772439;
"2022-04-22 00:00:00";772480;
"2022-04-23 00:00:00";772539;
"2022-04-24 00:00:00";772601;
"2022-04-25 00:00:00";772649;
"2022-04-26 00:00:00";772694;
"2022-04-27 00:00:00";772720;
"2022-04-28 00:00:00";772812;
"2022-04-29 00:00:00";772926;
"2022-04-30 00:00:00";773072;
"2022-05-01 00:00:00";773230;
"2022-05-02 00:00:00";773358;
"2022-05-03 00:00:00";773485;
"2022-05-04 00:00:00";773612;
"2022-05-05 00:00:00";773749;
"2022-05-06 00:00:00";773877;
"2022-05-07 00:00:00";773980;
"2022-05-08 00:00:00";774132;
"2022-05-09 00:00:00";774238;
"2022-05-10 00:00:00";774356;
"2022-05-11 00:00:00";774473;
"2022-05-12 00:00:00";774571;
"2022-05-13 00:00:00";774651;
"2022-05-14 00:00:00";774737;
"2022-05-15 00:00:00";774837;
"2022-05-16 00:00:00";774900;
"2022-05-17 00:00:00";774961;
"2022-05-18 00:00:00";775015;
"2022-05-19 00:00:00";775032;
"2022-05-20 00:00:00";775077;
"2022-05-21 00:00:00";775151;
"2022-05-22 00:00:00";775240;
"2022-05-23 00:00:00";775267;
"2022-05-24 00:00:00";775337;
"2022-05-25 00:00:00";775392;
"2022-05-26 00:00:00";775445;
"2022-05-27 00:00:00";775495;
"2022-05-28 00:00:00";775541;
"2022-05-29 00:00:00";775603;
"2022-05-30 00:00:00";775682;
"2022-05-31 00:00:00";775729;
"2022-06-01 00:00:00";775770;
"2022-06-02 00:00:00";775809;
"2022-06-03 00:00:00";775894;
"2022-06-04 00:00:00";775940;
"2022-06-05 00:00:00";775995;
"2022-06-06 00:00:00";776046;
"2022-06-07 00:00:00";776105;
"2022-06-08 00:00:00";776156;
"2022-06-09 00:00:00";776225;
"2022-06-10 00:00:00";776303;
"2022-06-11 00:00:00";776419;
"2022-06-12 00:00:00";776506;
"2022-06-13 00:00:00";776585;
"2022-06-14 00:00:00";776742;
"2022-06-15 00:00:00";776892;
"2022-06-16 00:00:00";777037;
"2022-06-17 00:00:00";777190;
"2022-06-18 00:00:00";777314;
"2022-06-19 00:00:00";777444;
"2022-06-20 00:00:00";777574;
"2022-06-21 00:00:00";777646;
"2022-06-22 00:00:00";777773;
"2022-06-23 00:00:00";777884;
"2022-06-24 00:00:00";777976;
"2022-06-25 00:00:00";778056;
"2022-06-26 00:00:00";778159;
"2022-06-27 00:00:00";778223;
"2022-06-28 00:00:00";778338;
"2022-06-29 00:00:00";778425;
"2022-06-30 00:00:00";778528;
"2022-07-01 00:00:00";778636;
"2022-07-02 00:00:00";778744;
"2022-07-03 00:00:00";778878;
"2022-07-04 00:00:00";778995;
"2022-07-05 00:00:00";779076;
"2022-07-06 00:00:00";779173;
"2022-07-07 00:00:00";779251;
"2022-07-08 00:00:00";779339;
"2022-07-09 00:00:00";779436;
"2022-07-10 00:00:00";779534;
"2022-07-11 00:00:00";779631;
"2022-07-12 00:00:00";779706;
"2022-07-13 00:00:00";779764;
"2022-07-14 00:00:00";779826;
"2022-07-15 00:00:00";779885;
"2022-07-16 00:00:00";779955;
"2022-07-17 00:00:00";780007;
"2022-07-18 00:00:00";780064;
"2022-07-19 00:00:00";780124;
"2022-07-20 00:00:00";780165;
"2022-07-21 00:00:00";780228;
"2022-07-22 00:00:00";780286;
"2022-07-23 00:00:00";780351;
"2022-07-24 00:00:00";780401;
"2022-07-25 00:00:00";780462;
"2022-07-26 00:00:00";780522;
"2022-07-27 00:00:00";780594;
"2022-07-28 00:00:00";780658;
"2022-07-29 00:00:00";780709;
"2022-07-30 00:00:00";780772;
"2022-07-31 00:00:00";780833;
"2022-08-01 00:00:00";780901;
"2022-08-02 00:00:00";780940;
"2022-08-03 00:00:00";780992;
"2022-08-04 00:00:00";781075;
"2022-08-05 00:00:00";781203;
"2022-08-06 00:00:00";781309;
"2022-08-07 00:00:00";781429;
"2022-08-08 00:00:00";781548;
"2022-08-09 00:00:00";781646;
"2022-08-10 00:00:00";781760;
"2022-08-11 00:00:00";781858;
"2022-08-12 00:00:00";781944;
"2022-08-13 00:00:00";782052;
"2022-08-14 00:00:00";782174;
"2022-08-15 00:00:00";782268;
"2022-08-16 00:00:00";782359;
"2022-08-17 00:00:00";782459;
"2022-08-18 00:00:00";782525;
"2022-08-19 00:00:00";782590;
"2022-08-20 00:00:00";782646;
"2022-08-21 00:00:00";782712;
"2022-08-22 00:00:00";782769;
"2022-08-23 00:00:00";782842;
"2022-08-24 00:00:00";782901;
"2022-08-25 00:00:00";782950;
"2022-08-26 00:00:00";782991;
"2022-08-27 00:00:00";783052;
"2022-08-28 00:00:00";783114;
"2022-08-29 00:00:00";783141;
"2022-08-30 00:00:00";783183;
"2022-08-31 00:00:00";783239;
"2022-09-01 00:00:00";783297;
"2022-09-02 00:00:00";783339;
"2022-09-03 00:00:00";783401;
"2022-09-04 00:00:00";783469;
"2022-09-05 00:00:00";783534;
"2022-09-06 00:00:00";783585;
"2022-09-07 00:00:00";783636;
"2022-09-08 00:00:00";783693;
"2022-09-09 00:00:00";783731;
"2022-09-10 00:00:00";783775;
"2022-09-11 00:00:00";783840;
"2022-09-12 00:00:00";783889;
"2022-09-13 00:00:00";783939;
"2022-09-14 00:00:00";784006;
"2022-09-15 00:00:00";784042;
"2022-09-16 00:00:00";784089;
"2022-09-17 00:00:00";784131;
"2022-09-18 00:00:00";784178;
"2022-09-19 00:00:00";784221;
"2022-09-20 00:00:00";784306;
"2022-09-21 00:00:00";784408;
"2022-09-22 00:00:00";784521;
"2022-09-23 00:00:00";784611;
"2022-09-24 00:00:00";784719;
"2022-09-25 00:00:00";784818;
"2022-09-26 00:00:00";784920;
"2022-09-27 00:00:00";785029;
"2022-09-28 00:00:00";785109;
"2022-09-29 00:00:00";785189;
"2022-09-30 00:00:00";785286;
"2022-10-01 00:00:00";785371;
"2022-10-02 00:00:00";785472;
"2022-10-03 00:00:00";785553;
"2022-10-04 00:00:00";785611;
"2022-10-05 00:00:00";785663;
"2022-10-06 00:00:00";785720;
"2022-10-07 00:00:00";785780;
"2022-10-08 00:00:00";785841;
"2022-10-09 00:00:00";785886;
"2022-10-10 00:00:00";785931;
"2022-10-11 00:00:00";785986;
"2022-10-12 00:00:00";786035;
"2022-10-13 00:00:00";786048;
"2022-10-14 00:00:00";786094;
"2022-10-15 00:00:00";786134;
"2022-10-16 00:00:00";786192;
"2022-10-17 00:00:00";786226;
"2022-10-18 00:00:00";786267;
"2022-10-19 00:00:00";786290;
"2022-10-20 00:00:00";786356;
"2022-10-21 00:00:00";786420;
"2022-10-22 00:00:00";786501;
"2022-10-23 00:00:00";786559;
"2022-10-24 00:00:00";786624;
"2022-10-25 00:00:00";786681;
"2022-10-26 00:00:00";786755;
"2022-10-27 00:00:00";786791;
"2022-10-28 00:00:00";786869;
"2022-10-29 00:00:00";786936;
"2022-10-30 00:00:00";786986;
"2022-10-31 00:00:00";787041;
"2022-11-01 00:00:00";787079;
"2022-11-02 00:00:00";787127;
"2022-11-03 00:00:00";787164;
"2022-11-04 00:00:00";787227;
"2022-11-05 00:00:00";787293;
"2022-11-06 00:00:00";787348;
"2022-11-07 00:00:00";787378;
"2022-11-08 00:00:00";787424;
"2022-11-09 00:00:00";787485;
"2022-11-10 00:00:00";787553;
"2022-11-11 00:00:00";787693;
"2022-11-12 00:00:00";787874;
"2022-11-13 00:00:00";788042;
"2022-11-14 00:00:00";788163;
"2022-11-15 00:00:00";788272;
"2022-11-16 00:00:00";788407;
"2022-11-17 00:00:00";788526;
"2022-11-18 00:00:00";788619;
"2022-11-19 00:00:00";788756;
"2022-11-20 00:00:00";788926;
"2022-11-21 00:00:00";789085;
"2022-11-22 00:00:00";789212;
"2022-11-23 00:00:00";789327;
"2022-11-24 00:00:00";789432;
"2022-11-25 00:00:00";789554;
"2022-11-26 00:00:00";789677;
"2022-11-27 00:00:00";789781;
"2022-11-28 00:00:00";789903;
"2022-11-29 00:00:00";789987;
"2022-11-30 00:00:00";790071;
"2022-12-01 00:00:00";790150;
"2022-12-02 00:00:00";790205;
"2022-12-03 00:00:00";790249;
"2022-12-04 00:00:00";790330;
"2022-12-05 00:00:00";790400;
"2022-12-06 00:00:00";790476;
"2022-12-07 00:00:00";790536;
"2022-12-08 00:00:00";790593;
"2022-12-09 00:00:00";790631;
"2022-12-10 00:00:00";790674;
"2022-12-11 00:00:00";790744;
"2022-12-12 00:00:00";790820;
"2022-12-13 00:00:00";790880;
"2022-12-14 00:00:00";790923;
"2022-12-15 00:00:00";790960;
"2022-12-16 00:00:00";790996;
"2022-12-17 00:00:00";791063;
"2022-12-18 00:00:00";791142;
"2022-12-19 00:00:00";791176;
"2022-12-20 00:00:00";791229;
"2022-12-21 00:00:00";791288;
"2022-12-22 00:00:00";791345;
"2022-12-23 00:00:00";791403;
"2022-12-24 00:00:00";791485;
"2022-12-25 00:00:00";791556;
"2022-12-26 00:00:00";791613;
"2022-12-27 00:00:00";791689;
"2022-12-28 00:00:00";791733;
"2022-12-29 00:00:00";791790;
"2022-12-30 00:00:00";791878;
"2022-12-31 00:00:00";791954;
"2023-01-01 00:00:00";792032;
"2023-01-02 00:00:00";792114;
"2023-01-03 00:00:00";792199;
"2023-01-04 00:00:00";792251;
"2023-01-05 00:00:00";792339;
"2023-01-06 00:00:00";792430;
"2023-01-07 00:00:00";792536;
"2023-01-08 00:00:00";792605;
"2023-01-09 00:00:00";792674;
"2023-01-10 00:00:00";792739;
"2023-01-11 00:00:00";792825;
"2023-01-12 00:00:00";792883;
"2023-01-13 00:00:00";792942;
"2023-01-14 00:00:00";793022;
"2023-01-15 00:00:00";793095;
"2023-01-16 00:00:00";793181;
"2023-01-17 00:00:00";793249;
"2023-01-18 00:00:00";793319;
"2023-01-19 00:00:00";793392;
"2023-01-20 00:00:00";793498;
"2023-01-21 00:00:00";793628;
"2023-01-22 00:00:00";793787;
"2023-01-23 00:00:00";793921;
"2023-01-24 00:00:00";794054;
"2023-01-25 00:00:00";794193;
"2023-01-26 00:00:00";794320;
"2023-01-27 00:00:00";794452;
"2023-01-28 00:00:00";794577;
"2023-01-29 00:00:00";794712;
"2023-01-30 00:00:00";794828;
"2023-01-31 00:00:00";794963;
"2023-02-01 00:00:00";795087;
"2023-02-02 00:00:00";795187;
"2023-02-03 00:00:00";795288;
"2023-02-04 00:00:00";795396;
"2023-02-05 00:00:00";795511;
"2023-02-06 00:00:00";795608;
"2023-02-07 00:00:00";795677;
"2023-02-08 00:00:00";795742;
"2023-02-09 00:00:00";795816;
"2023-02-10 00:00:00";795910;
"2023-02-11 00:00:00";795997;
"2023-02-12 00:00:00";796109;
"2023-02-13 00:00:00";796179;
"2023-02-14 00:00:00";796259;
"2023-02-15 00:00:00";796360;
"2023-02-16 00:00:00";796474;
"2023-02-17 00:00:00";796603;
"2023-02-18 00:00:00";796720;
"2023-02-19 00:00:00";796815;
"2023-02-20 00:00:00";796921;
"2023-02-21 00:00:00";797005;
"2023-02-22 00:00:00";797093;
"2023-02-23 00:00:00";797174;
"2023-02-24 00:00:00";797256;
"2023-02-25 00:00:00";797339;
"2023-02-26 00:00:00";797434;
"2023-02-27 00:00:00";797506;
"2023-02-28 00:00:00";797563;
"2023-03-01 00:00:00";797637;
"2023-03-02 00:00:00";797704;
"2023-03-03 00:00:00";797771;
"2023-03-04 00:00:00";797935;
"2023-03-05 00:00:00";798124;
"2023-03-06 00:00:00";798244;
"2023-03-07 00:00:00";798377;
"2023-03-08 00:00:00";798551;
"2023-03-09 00:00:00";798677;
"2023-03-10 00:00:00";798851;
"2023-03-11 00:00:00";799049;
"2023-03-12 00:00:00";799232;
"2023-03-13 00:00:00";799381;
"2023-03-14 00:00:00";799518;
"2023-03-15 00:00:00";799643;
"2023-03-16 00:00:00";799811;
"2023-03-17 00:00:00";799945;
"2023-03-18 00:00:00";800063;
"2023-03-19 00:00:00";800219;
"2023-03-20 00:00:00";800344;
"2023-03-21 00:00:00";800471;
"2023-03-22 00:00:00";800576;
"2023-03-23 00:00:00";800666;
"2023-03-24 00:00:00";800770;
"2023-03-25 00:00:00";800867;
"2023-03-26 00:00:00";800966;
"2023-03-27 00:00:00";801040;
"2023-03-28 00:00:00";801114;
"2023-03-29 00:00:00";801166;
"2023-03-30 00:00:00";801214;
"2023-03-31 00:00:00";801273;
"2023-04-01 00:00:00";801360;
"2023-04-02 00:00:00";801456;
"2023-04-03 00:00:00";801531;
"2023-04-04 00:00:00";801605;
"2023-04-05 00:00:00";801676;
"2023-04-06 00:00:00";801724;
"2023-04-07 00:00:00";801780;
"2023-04-08 00:00:00";801882;
"2023-04-09 00:00:00";801972;
"2023-04-10 00:00:00";802054;
"2023-04-11 00:00:00";802109;
"2023-04-12 00:00:00";802162;
"2023-04-13 00:00:00";802215;
"2023-04-14 00:00:00";802287;
"2023-04-15 00:00:00";802359;
"2023-04-16 00:00:00";802419;
"2023-04-17 00:00:00";802472;
"2023-04-18 00:00:00";802526;
"2023-04-19 00:00:00";802570;
"2023-04-20 00:00:00";802612;
"2023-04-21 00:00:00";802671;
"2023-04-22 00:00:00";802739;
"2023-04-23 00:00:00";802794;
"2023-04-24 00:00:00";802854;
"2023-04-25 00:00:00";802893;
"2023-04-26 00:00:00";803009;
"2023-04-27 00:00:00";803068;
"2023-04-28 00:00:00";803128;
"2023-04-29 00:00:00";803210;
"2023-04-30 00:00:00";803306;
"2023-05-01 00:00:00";803408;
"2023-05-02 00:00:00";803457;
"2023-05-03 00:00:00";803532;
"2023-05-04 00:00:00";803621;
"2023-05-05 00:00:00";803711;
"2023-05-06 00:00:00";803794;
"2023-05-07 00:00:00";803881;
"2023-05-08 00:00:00";803966;
"2023-05-09 00:00:00";804027;
"2023-05-10 00:00:00";804089;
"2023-05-11 00:00:00";804151;
"2023-05-12 00:00:00";804208;
"2023-05-13 00:00:00";804277;
"2023-05-14 00:00:00";804350;
"2023-05-15 00:00:00";804372;
"2023-05-16 00:00:00";804409;
"2023-05-17 00:00:00";804460;
"2023-05-18 00:00:00";804510;
"2023-05-19 00:00:00";804563;
"2023-05-20 00:00:00";804608;
"2023-05-21 00:00:00";804640;
"2023-05-22 00:00:00";804689;
"2023-05-23 00:00:00";804713;
"2023-05-24 00:00:00";804779;
"2023-05-25 00:00:00";804825;
"2023-05-26 00:00:00";804847;
"2023-05-27 00:00:00";804904;
"2023-05-28 00:00:00";804960;
"2023-05-29 00:00:00";805010;
"2023-05-30 00:00:00";805062;
"2023-05-31 00:00:00";805111;
"2023-06-01 00:00:00";805152;
"2023-06-02 00:00:00";805208;
"2023-06-03 00:00:00";805282;
"2023-06-04 00:00:00";805343;
"2023-06-05 00:00:00";805367;
"2023-06-06 00:00:00";805437;
"2023-06-07 00:00:00";805571;
"2023-06-08 00:00:00";805698;
"2023-06-09 00:00:00";805822;
"2023-06-10 00:00:00";805951;
"2023-06-11 00:00:00";806093;
"2023-06-12 00:00:00";806182;
"2023-06-13 00:00:00";806270;
"2023-06-14 00:00:00";806359;
"2023-06-15 00:00:00";806439;
"2023-06-16 00:00:00";806497;
"2023-06-17 00:00:00";806548;
"2023-06-18 00:00:00";806615;
"2023-06-19 00:00:00";806674;
"2023-06-20 00:00:00";806751;
"2023-06-21 00:00:00";806840;
"2023-06-22 00:00:00";806887;
"2023-06-23 00:00:00";806928;
"2023-06-24 00:00:00";806992;
"2023-06-25 00:00:00";807046;
"2023-06-26 00:00:00";807081;
"2023-06-27 00:00:00";807127;
"2023-06-28 00:00:00";807163;
"2023-06-29 00:00:00";807205;
"2023-06-30 00:00:00";807246;
"2023-07-01 00:00:00";807303;
"2023-07-02 00:00:00";807306;
"2023-07-03 00:00:00";807352;
"2023-07-04 00:00:00";807379;
"2023-07-05 00:00:00";807411;
"2023-07-06 00:00:00";807431;
"2023-07-07 00:00:00";807459;
"2023-07-08 00:00:00";807489;
"2023-07-09 00:00:00";807557;
"2023-07-10 00:00:00";807611;
"2023-07-11 00:00:00";807654;
"2023-07-12 00:00:00";807692;
"2023-07-13 00:00:00";807726;
"2023-07-14 00:00:00";807759;
"2023-07-15 00:00:00";807815;
"2023-07-16 00:00:00";807852;
"2023-07-17 00:00:00";807902;
"2023-07-18 00:00:00";807937;
"2023-07-19 00:00:00";807975;
"2023-07-20 00:00:00";807997;
"2023-07-21 00:00:00";808027;
"2023-07-22 00:00:00";808071;
"2023-07-23 00:00:00";808117;
"2023-07-24 00:00:00";808165;
"2023-07-25 00:00:00";808195;
"2023-07-26 00:00:00";808261;
"2023-07-27 00:00:00";808303;
"2023-07-28 00:00:00";808356;
"2023-07-29 00:00:00";808409;
"2023-07-30 00:00:00";808475;
"2023-07-31 00:00:00";808526;
"2023-08-01 00:00:00";808580;
"2023-08-02 00:00:00";808643;
"2023-08-03 00:00:00";808694;
"2023-08-04 00:00:00";808742;
"2023-08-05 00:00:00";808800;
"2023-08-06 00:00:00";808871;
"2023-08-07 00:00:00";808909;
"2023-08-08 00:00:00";808948;
"2023-08-09 00:00:00";808995;
"2023-08-10 00:00:00";809047;
"2023-08-11 00:00:00";809073;
"2023-08-12 00:00:00";809104;
"2023-08-13 00:00:00";809155;
"2023-08-14 00:00:00";809195;
"2023-08-15 00:00:00";809215;
"2023-08-16 00:00:00";809238;
"2023-08-17 00:00:00";809275;
"2023-08-18 00:00:00";809321;
"2023-08-19 00:00:00";809338;
"2023-08-20 00:00:00";809373;
"2023-08-21 00:00:00";809407;
"2023-08-22 00:00:00";809429;
"2023-08-23 00:00:00";809442;
"2023-08-24 00:00:00";809469;
"2023-08-25 00:00:00";809502;
"2023-08-26 00:00:00";809547;
"2023-08-27 00:00:00";809588;
"2023-08-28 00:00:00";809620;
"2023-08-29 00:00:00";809662;
"2023-08-30 00:00:00";809693;
"2023-08-31 00:00:00";809736;
"2023-09-01 00:00:00";809758;
"2023-09-02 00:00:00";809785;
"2023-09-03 00:00:00";809833;
"2023-09-04 00:00:00";809874;
"2023-09-05 00:00:00";809902;
"2023-09-06 00:00:00";809916;
"2023-09-07 00:00:00";809950;
"2023-09-08 00:00:00";809999;
"2023-09-09 00:00:00";810032;
"2023-09-10 00:00:00";810094;
"2023-09-11 00:00:00";810155;
"2023-09-12 00:00:00";810230;
"2023-09-13 00:00:00";810313;
"2023-09-14 00:00:00";810449;
"2023-09-15 00:00:00";810532;
"2023-09-16 00:00:00";810627;
"2023-09-17 00:00:00";810715;
"2023-09-18 00:00:00";810815;
"2023-09-19 00:00:00";810905;
"2023-09-20 00:00:00";811009;
"2023-09-21 00:00:00";811103;
"2023-09-22 00:00:00";811180;
"2023-09-23 00:00:00";811294;
"2023-09-24 00:00:00";811377;
"2023-09-25 00:00:00";811475;
"2023-09-26 00:00:00";811522;
"2023-09-27 00:00:00";811574;
"2023-09-28 00:00:00";811666;
"2023-09-29 00:00:00";811731;
"2023-09-30 00:00:00";811826;
"2023-10-01 00:00:00";811915;
"2023-10-02 00:00:00";811989;
"2023-10-03 00:00:00";812054;
"2023-10-04 00:00:00";812144;
"2023-10-05 00:00:00";812230;
"2023-10-06 00:00:00";812325;
"2023-10-07 00:00:00";812419;
"2023-10-08 00:00:00";812502;
"2023-10-09 00:00:00";812578;
"2023-10-10 00:00:00";812657;
"2023-10-11 00:00:00";812727;
"2023-10-12 00:00:00";812793;
"2023-10-13 00:00:00";812852;
"2023-10-14 00:00:00";812918;
"2023-10-15 00:00:00";812994;
"2023-10-16 00:00:00";813040;
"2023-10-17 00:00:00";813072;