"DateTime";"Players"
"2023-10-03 14:00:00";32757
"2023-10-03 14:10:00";34874
"2023-10-03 14:20:00";35856
"2023-10-03 14:30:00";36000
"2023-10-03 14:40:00";36752
"2023-10-03 14:50:00";36818
"2023-10-03 15:00:00";36478
"2023-10-03 15:10:00";36367
"2023-10-03 15:20:00";36720
"2023-10-03 15:30:00";36672
"2023-10-03 15:40:00";37548
"2023-10-03 15:50:00";37872
"2023-10-03 16:00:00";38134
"2023-10-03 16:10:00";38575
"2023-10-03 16:20:00";38167
"2023-10-03 16:30:00";39021
"2023-10-03 16:40:00";39653
"2023-10-03 16:50:00";39659
"2023-10-03 17:00:00";39760
"2023-10-03 17:10:00";40128
"2023-10-03 17:20:00";40259
"2023-10-03 17:30:00";40395
"2023-10-03 17:40:00";40534
"2023-10-03 17:50:00";40702
"2023-10-03 18:00:00";40861
"2023-10-03 18:10:00";40230
"2023-10-03 18:20:00";39777
"2023-10-03 18:30:00";39966
"2023-10-03 18:40:00";39474
"2023-10-03 18:50:00";39969
"2023-10-03 19:00:00";39886
"2023-10-03 19:10:00";39995
"2023-10-03 19:20:00";39807
"2023-10-03 19:30:00";39584
"2023-10-03 19:40:00";39283
"2023-10-03 19:50:00";38950
"2023-10-03 20:00:00";38414
"2023-10-03 20:10:00";37741
"2023-10-03 20:20:00";37391
"2023-10-03 20:30:00";36999
"2023-10-03 20:40:00";36830
"2023-10-03 20:50:00";36651
"2023-10-03 21:00:00";36457
"2023-10-03 21:10:00";36119
"2023-10-03 21:20:00";35657
"2023-10-03 21:30:00";35426
"2023-10-03 21:40:00";35133
"2023-10-03 21:50:00";35102
"2023-10-03 22:00:00";35152
"2023-10-03 22:10:00";34633
"2023-10-03 22:20:00";34196
"2023-10-03 22:30:00";26417
"2023-10-03 22:40:00";32921
"2023-10-03 22:50:00";33265
"2023-10-03 23:00:00";33174
"2023-10-03 23:10:00";32956
"2023-10-03 23:20:00";32848
"2023-10-03 23:30:00";32206
"2023-10-03 23:40:00";31981
"2023-10-03 23:50:00";32089
"2023-10-04 00:00:00";32188
"2023-10-04 00:10:00";31950
"2023-10-04 00:20:00";32447
"2023-10-04 00:30:00";32031
"2023-10-04 00:40:00";31953
"2023-10-04 00:50:00";31748
"2023-10-04 01:00:00";31546
"2023-10-04 01:10:00";31316
"2023-10-04 01:20:00";30598
"2023-10-04 01:30:00";30288
"2023-10-04 01:40:00";30171
"2023-10-04 01:50:00";30554
"2023-10-04 02:00:00";31432
"2023-10-04 02:10:00";31053
"2023-10-04 02:20:00";30493
"2023-10-04 02:30:00";30294
"2023-10-04 02:40:00";30121
"2023-10-04 02:50:00";29474
"2023-10-04 03:00:00";30230
"2023-10-04 03:10:00";30276
"2023-10-04 03:20:00";29588
"2023-10-04 03:30:00";29018
"2023-10-04 03:40:00";28578
"2023-10-04 03:50:00";27996
"2023-10-04 04:00:00";27722
"2023-10-04 04:10:00";27016
"2023-10-04 04:20:00";26151
"2023-10-04 04:30:00";25942
"2023-10-04 04:40:00";25288
"2023-10-04 04:50:00";24904
"2023-10-04 05:00:00";24315
"2023-10-04 05:10:00";23303
"2023-10-04 05:20:00";22847
"2023-10-04 05:30:00";22471
"2023-10-04 05:40:00";21722
"2023-10-04 05:50:00";21443
"2023-10-04 06:00:00";21592
"2023-10-04 06:10:00";20586
"2023-10-04 06:20:00";19435
"2023-10-04 06:30:00";18995
"2023-10-04 06:40:00";17803
"2023-10-04 06:50:00";15783
"2023-10-04 07:00:00";13178
"2023-10-04 07:10:00";8902
"2023-10-04 07:20:00";3438
"2023-10-04 07:30:00";2723
"2023-10-04 07:40:00";2413
"2023-10-04 07:50:00";2257
"2023-10-04 08:00:00";2194
"2023-10-04 08:10:00";2113
"2023-10-04 08:20:00";2025
"2023-10-04 08:30:00";2012
"2023-10-04 08:40:00";2002
"2023-10-04 08:50:00";1979
"2023-10-04 09:00:00";1952
"2023-10-04 09:10:00";1929
"2023-10-04 09:20:00";1973
"2023-10-04 09:30:00";1837
"2023-10-04 09:40:00";1942
"2023-10-04 09:50:00";2220
"2023-10-04 10:00:00";2909
"2023-10-04 10:10:00";3430
"2023-10-04 10:20:00";3587
"2023-10-04 10:30:00";5574
"2023-10-04 10:40:00";11284
"2023-10-04 10:50:00";15026
"2023-10-04 11:00:00";18654
"2023-10-04 11:10:00";21132
"2023-10-04 11:20:00";22582
"2023-10-04 11:30:00";24067
"2023-10-04 11:40:00";25415
"2023-10-04 11:50:00";26981
"2023-10-04 12:00:00";28213
"2023-10-04 12:10:00";29098
"2023-10-04 12:20:00";30047
"2023-10-04 12:30:00";31130
"2023-10-04 12:40:00";32348
"2023-10-04 12:50:00";33289
"2023-10-04 13:00:00";34149
"2023-10-04 13:10:00";34856
"2023-10-04 13:20:00";35512
"2023-10-04 13:30:00";36209
"2023-10-04 13:40:00";37057
"2023-10-04 13:50:00";37929
"2023-10-04 14:00:00";39204
"2023-10-04 14:10:00";40657
"2023-10-04 14:20:00";41124
"2023-10-04 14:30:00";41896
"2023-10-04 14:40:00";42398
"2023-10-04 14:50:00";43352
"2023-10-04 15:00:00";43795
"2023-10-04 15:10:00";44548
"2023-10-04 15:20:00";46011
"2023-10-04 15:30:00";46419
"2023-10-04 15:40:00";47386
"2023-10-04 15:50:00";47853
"2023-10-04 16:00:00";48412
"2023-10-04 16:10:00";48456
"2023-10-04 16:20:00";48802
"2023-10-04 16:30:00";49548
"2023-10-04 16:40:00";49779
"2023-10-04 16:50:00";50128
"2023-10-04 17:00:00";50046
"2023-10-04 17:10:00";50845
"2023-10-04 17:20:00";51651
"2023-10-04 17:30:00";52337
"2023-10-04 17:40:00";52612
"2023-10-04 17:50:00";52811
"2023-10-04 18:00:00";53225
"2023-10-04 18:10:00";53118
"2023-10-04 18:20:00";52910
"2023-10-04 18:30:00";52828
"2023-10-04 18:40:00";52819
"2023-10-04 18:50:00";52913
"2023-10-04 19:00:00";52809
"2023-10-04 19:10:00";52851
"2023-10-04 19:20:00";52141
"2023-10-04 19:30:00";51783
"2023-10-04 19:40:00";51820
"2023-10-04 19:50:00";51719
"2023-10-04 20:00:00";51676
"2023-10-04 20:10:00";51012
"2023-10-04 20:20:00";50418
"2023-10-04 20:30:00";49948
"2023-10-04 20:40:00";50127
"2023-10-04 20:50:00";49839
"2023-10-04 21:00:00";49093
"2023-10-04 21:10:00";49062
"2023-10-04 21:20:00";48534
"2023-10-04 21:30:00";48138
"2023-10-04 21:40:00";47687
"2023-10-04 21:50:00";47215
"2023-10-04 22:00:00";46862
"2023-10-04 22:10:00";46054
"2023-10-04 22:20:00";45569
"2023-10-04 22:30:00";45059
"2023-10-04 22:40:00";44781
"2023-10-04 22:50:00";44379
"2023-10-04 23:00:00";44110
"2023-10-04 23:10:00";43731
"2023-10-04 23:20:00";43250
"2023-10-04 23:30:00";42910
"2023-10-04 23:40:00";42701
"2023-10-04 23:50:00";42719
"2023-10-05 00:00:00";42804
"2023-10-05 00:10:00";42565
"2023-10-05 00:20:00";42245
"2023-10-05 00:30:00";42242
"2023-10-05 00:40:00";42226
"2023-10-05 00:50:00";42164
"2023-10-05 01:00:00";42321
"2023-10-05 01:10:00";41698
"2023-10-05 01:20:00";41558
"2023-10-05 01:30:00";41877
"2023-10-05 01:40:00";42753
"2023-10-05 01:50:00";42782
"2023-10-05 02:00:00";42929
"2023-10-05 02:10:00";42618
"2023-10-05 02:20:00";42269
"2023-10-05 02:30:00";42086
"2023-10-05 02:40:00";41698
"2023-10-05 02:50:00";41419
"2023-10-05 03:00:00";41192
"2023-10-05 03:10:00";40749
"2023-10-05 03:20:00";40358
"2023-10-05 03:30:00";40126
"2023-10-05 03:40:00";40050
"2023-10-05 03:50:00";39857
"2023-10-05 04:00:00";39630
"2023-10-05 04:10:00";38886
"2023-10-05 04:20:00";38391
"2023-10-05 04:30:00";37693
"2023-10-05 04:40:00";37101
"2023-10-05 04:50:00";36667
"2023-10-05 05:00:00";36215
"2023-10-05 05:10:00";35466
"2023-10-05 05:20:00";35336
"2023-10-05 05:30:00";35133
"2023-10-05 05:40:00";34145
"2023-10-05 05:50:00";34239
"2023-10-05 06:00:00";34053
"2023-10-05 06:10:00";33608
"2023-10-05 06:20:00";33316
"2023-10-05 06:30:00";33208
"2023-10-05 06:40:00";33162
"2023-10-05 06:50:00";33179
"2023-10-05 07:00:00";32395
"2023-10-05 07:10:00";31902
"2023-10-05 07:20:00";31413
"2023-10-05 07:30:00";31146
"2023-10-05 07:40:00";31037
"2023-10-05 07:50:00";30988
"2023-10-05 08:00:00";30997
"2023-10-05 08:10:00";30957
"2023-10-05 08:20:00";30763
"2023-10-05 08:30:00";30616
"2023-10-05 08:40:00";30725
"2023-10-05 08:50:00";30873
"2023-10-05 09:00:00";31268
"2023-10-05 09:10:00";31616
"2023-10-05 09:20:00";31689
"2023-10-05 09:30:00";31948
"2023-10-05 09:40:00";32120
"2023-10-05 09:50:00";32414
"2023-10-05 10:00:00";33186
"2023-10-05 10:10:00";33795
"2023-10-05 10:20:00";34121
"2023-10-05 10:30:00";34581
"2023-10-05 10:40:00";35292
"2023-10-05 10:50:00";35811
"2023-10-05 11:00:00";36248
"2023-10-05 11:10:00";36487
"2023-10-05 11:20:00";36832
"2023-10-05 11:30:00";37115
"2023-10-05 11:40:00";37373
"2023-10-05 11:50:00";37567
"2023-10-05 12:00:00";37683
"2023-10-05 12:10:00";37736
"2023-10-05 12:20:00";37880
"2023-10-05 12:30:00";38355
"2023-10-05 12:40:00";38589
"2023-10-05 12:50:00";39680
"2023-10-05 13:00:00";40273
"2023-10-05 13:10:00";40318
"2023-10-05 13:20:00";40898
"2023-10-05 13:30:00";41328
"2023-10-05 13:40:00";41462
"2023-10-05 13:50:00";42035
"2023-10-05 14:00:00";42716
"2023-10-05 14:10:00";42950
"2023-10-05 14:20:00";43503
"2023-10-05 14:30:00";43745
"2023-10-05 14:40:00";44591
"2023-10-05 14:50:00";45005
"2023-10-05 15:00:00";45640
"2023-10-05 15:10:00";45823
"2023-10-05 15:20:00";46330
"2023-10-05 15:30:00";46432
"2023-10-05 15:40:00";46603
"2023-10-05 15:50:00";46790
"2023-10-05 16:00:00";46975
"2023-10-05 16:10:00";46723
"2023-10-05 16:20:00";47060
"2023-10-05 16:30:00";47419
"2023-10-05 16:40:00";47654
"2023-10-05 16:50:00";47584
"2023-10-05 17:00:00";48200
"2023-10-05 17:10:00";48684
"2023-10-05 17:20:00";49366
"2023-10-05 17:30:00";50496
"2023-10-05 17:40:00";50939
"2023-10-05 17:50:00";51100
"2023-10-05 18:00:00";51505
"2023-10-05 18:10:00";51521
"2023-10-05 18:20:00";50949
"2023-10-05 18:30:00";50921
"2023-10-05 18:40:00";50982
"2023-10-05 18:50:00";50955
"2023-10-05 19:00:00";51032
"2023-10-05 19:10:00";51052
"2023-10-05 19:20:00";50578
"2023-10-05 19:30:00";50189
"2023-10-05 19:40:00";49910
"2023-10-05 19:50:00";50036
"2023-10-05 20:00:00";50405
"2023-10-05 20:10:00";50009
"2023-10-05 20:20:00";49539
"2023-10-05 20:30:00";49066
"2023-10-05 20:40:00";48673
"2023-10-05 20:50:00";48361
"2023-10-05 21:00:00";48292
"2023-10-05 21:10:00";47927
"2023-10-05 21:20:00";47232
"2023-10-05 21:30:00";46215
"2023-10-05 21:40:00";46804
"2023-10-05 21:50:00";46708
"2023-10-05 22:00:00";46567
"2023-10-05 22:10:00";45856
"2023-10-05 22:20:00";43446
"2023-10-05 22:30:00";44159
"2023-10-05 22:40:00";44068
"2023-10-05 22:50:00";43600
"2023-10-05 23:00:00";43321
"2023-10-05 23:10:00";42994
"2023-10-05 23:20:00";42477
"2023-10-05 23:30:00";42123
"2023-10-05 23:40:00";42097
"2023-10-05 23:50:00";41855
"2023-10-06 00:00:00";42003
"2023-10-06 00:10:00";41728
"2023-10-06 00:20:00";41472
"2023-10-06 00:30:00";41532
"2023-10-06 00:40:00";41605
"2023-10-06 00:50:00";41626
"2023-10-06 01:00:00";41692
"2023-10-06 01:10:00";41796
"2023-10-06 01:20:00";41567
"2023-10-06 01:30:00";41589
"2023-10-06 01:40:00";41413
"2023-10-06 01:50:00";41140
"2023-10-06 02:00:00";41306
"2023-10-06 02:10:00";41071
"2023-10-06 02:20:00";41012
"2023-10-06 02:30:00";41616
"2023-10-06 02:40:00";41473
"2023-10-06 02:50:00";40475
"2023-10-06 03:00:00";39981
"2023-10-06 03:10:00";39898
"2023-10-06 03:20:00";39523
"2023-10-06 03:30:00";38992
"2023-10-06 03:40:00";38521
"2023-10-06 03:50:00";38098
"2023-10-06 04:00:00";37763
"2023-10-06 04:10:00";36958
"2023-10-06 04:20:00";36285
"2023-10-06 04:30:00";35842
"2023-10-06 04:40:00";35546
"2023-10-06 04:50:00";35173
"2023-10-06 05:00:00";34928
"2023-10-06 05:10:00";34560
"2023-10-06 05:20:00";34058
"2023-10-06 05:30:00";33832
"2023-10-06 05:40:00";33432
"2023-10-06 05:50:00";33075
"2023-10-06 06:00:00";32933
"2023-10-06 06:10:00";33002
"2023-10-06 06:20:00";32891
"2023-10-06 06:30:00";32114
"2023-10-06 06:40:00";31412
"2023-10-06 06:50:00";30890
"2023-10-06 07:00:00";30896
"2023-10-06 07:10:00";29967
"2023-10-06 07:20:00";29958
"2023-10-06 07:30:00";29833
"2023-10-06 07:40:00";29500
"2023-10-06 07:50:00";29347
"2023-10-06 08:00:00";29418
"2023-10-06 08:10:00";29737
"2023-10-06 08:20:00";29597
"2023-10-06 08:30:00";29454
"2023-10-06 08:40:00";29473
"2023-10-06 08:50:00";29452
"2023-10-06 09:00:00";30070
"2023-10-06 09:10:00";30705
"2023-10-06 09:20:00";31260
"2023-10-06 09:30:00";31376
"2023-10-06 09:40:00";31094
"2023-10-06 09:50:00";31712
"2023-10-06 10:00:00";32361
"2023-10-06 10:10:00";32679
"2023-10-06 10:20:00";32099
"2023-10-06 10:30:00";32653
"2023-10-06 10:40:00";33738
"2023-10-06 10:50:00";34538
"2023-10-06 11:00:00";34806
"2023-10-06 11:10:00";34645
"2023-10-06 11:20:00";35117
"2023-10-06 11:30:00";35572
"2023-10-06 11:40:00";35918
"2023-10-06 11:50:00";36336
"2023-10-06 12:00:00";36595
"2023-10-06 12:10:00";36414
"2023-10-06 12:20:00";36739
"2023-10-06 12:30:00";37148
"2023-10-06 12:40:00";37722
"2023-10-06 12:50:00";37801
"2023-10-06 13:00:00";38455
"2023-10-06 13:10:00";38658
"2023-10-06 13:20:00";39093
"2023-10-06 13:30:00";39847
"2023-10-06 13:40:00";40493
"2023-10-06 13:50:00";40928
"2023-10-06 14:00:00";41538
"2023-10-06 14:10:00";41202
"2023-10-06 14:20:00";41401
"2023-10-06 14:30:00";42645
"2023-10-06 14:40:00";42916
"2023-10-06 14:50:00";43418
"2023-10-06 15:00:00";43843
"2023-10-06 15:10:00";43959
"2023-10-06 15:20:00";44719
"2023-10-06 15:30:00";45694
"2023-10-06 15:40:00";45553
"2023-10-06 15:50:00";46380
"2023-10-06 16:00:00";46602
"2023-10-06 16:10:00";45899
"2023-10-06 16:20:00";45268
"2023-10-06 16:30:00";46083
"2023-10-06 16:40:00";46289
"2023-10-06 16:50:00";46237
"2023-10-06 17:00:00";47012
"2023-10-06 17:10:00";47403
"2023-10-06 17:20:00";47511
"2023-10-06 17:30:00";48003
"2023-10-06 17:40:00";48403
"2023-10-06 17:50:00";48305
"2023-10-06 18:00:00";48545
"2023-10-06 18:10:00";48544
"2023-10-06 18:20:00";48137
"2023-10-06 18:30:00";48267
"2023-10-06 18:40:00";48450
"2023-10-06 18:50:00";47886
"2023-10-06 19:00:00";48520
"2023-10-06 19:10:00";48469
"2023-10-06 19:20:00";48492
"2023-10-06 19:30:00";48661
"2023-10-06 19:40:00";48007
"2023-10-06 19:50:00";47932
"2023-10-06 20:00:00";48487
"2023-10-06 20:10:00";48258
"2023-10-06 20:20:00";47666
"2023-10-06 20:30:00";47384
"2023-10-06 20:40:00";47171
"2023-10-06 20:50:00";47611
"2023-10-06 21:00:00";47475
"2023-10-06 21:10:00";46970
"2023-10-06 21:20:00";46792
"2023-10-06 21:30:00";46285
"2023-10-06 21:40:00";46020
"2023-10-06 21:50:00";45669
"2023-10-06 22:00:00";45665
"2023-10-06 22:10:00";45297
"2023-10-06 22:20:00";44655
"2023-10-06 22:30:00";44195
"2023-10-06 22:40:00";43640
"2023-10-06 22:50:00";43297
"2023-10-06 23:00:00";43070
"2023-10-06 23:10:00";42766
"2023-10-06 23:20:00";42236
"2023-10-06 23:30:00";41822
"2023-10-06 23:40:00";41497
"2023-10-06 23:50:00";41168
"2023-10-07 00:00:00";41149
"2023-10-07 00:10:00";40633
"2023-10-07 00:20:00";40492
"2023-10-07 00:30:00";39955
"2023-10-07 00:40:00";39863
"2023-10-07 00:50:00";40007
"2023-10-07 01:00:00";39663
"2023-10-07 01:10:00";39624
"2023-10-07 01:20:00";39644
"2023-10-07 01:30:00";39669
"2023-10-07 01:40:00";39939
"2023-10-07 01:50:00";40011
"2023-10-07 02:00:00";39920
"2023-10-07 02:10:00";39568
"2023-10-07 02:20:00";39117
"2023-10-07 02:30:00";38890
"2023-10-07 02:40:00";38694
"2023-10-07 02:50:00";38510
"2023-10-07 03:00:00";37994
"2023-10-07 03:10:00";37784
"2023-10-07 03:20:00";37397
"2023-10-07 03:30:00";37264
"2023-10-07 03:40:00";37287
"2023-10-07 03:50:00";37175
"2023-10-07 04:00:00";37182
"2023-10-07 04:10:00";36761
"2023-10-07 04:20:00";36604
"2023-10-07 04:30:00";36423
"2023-10-07 04:40:00";36178
"2023-10-07 04:50:00";35484
"2023-10-07 05:00:00";35227
"2023-10-07 05:10:00";34565
"2023-10-07 05:20:00";33969
"2023-10-07 05:30:00";33813
"2023-10-07 05:40:00";33593
"2023-10-07 05:50:00";33382
"2023-10-07 06:00:00";33338
"2023-10-07 06:10:00";32463
"2023-10-07 06:20:00";32426
"2023-10-07 06:30:00";32148
"2023-10-07 06:40:00";31909
"2023-10-07 06:50:00";31234
"2023-10-07 07:00:00";30936
"2023-10-07 07:10:00";30580
"2023-10-07 07:20:00";30387
"2023-10-07 07:30:00";29450
"2023-10-07 07:40:00";29626
"2023-10-07 07:50:00";30100
"2023-10-07 08:00:00";30244
"2023-10-07 08:10:00";29977
"2023-10-07 08:20:00";29589
"2023-10-07 08:30:00";29709
"2023-10-07 08:40:00";30329
"2023-10-07 08:50:00";30688
"2023-10-07 09:00:00";30542
"2023-10-07 09:10:00";31358
"2023-10-07 09:20:00";31942
"2023-10-07 09:30:00";32285
"2023-10-07 09:40:00";32529
"2023-10-07 09:50:00";33429
"2023-10-07 10:00:00";34004
"2023-10-07 10:10:00";34404
"2023-10-07 10:20:00";35618
"2023-10-07 10:30:00";36279
"2023-10-07 10:40:00";36801
"2023-10-07 10:50:00";38299
"2023-10-07 11:00:00";38745
"2023-10-07 11:10:00";38774
"2023-10-07 11:20:00";39201
"2023-10-07 11:30:00";39472
"2023-10-07 11:40:00";39558
"2023-10-07 11:50:00";40634
"2023-10-07 12:00:00";41017
"2023-10-07 12:10:00";41075
"2023-10-07 12:20:00";42120
"2023-10-07 12:30:00";42644
"2023-10-07 12:40:00";42821
"2023-10-07 12:50:00";43552
"2023-10-07 13:00:00";43461
"2023-10-07 13:10:00";43675
"2023-10-07 13:20:00";43732
"2023-10-07 13:30:00";43821
"2023-10-07 13:40:00";43966
"2023-10-07 13:50:00";44151
"2023-10-07 14:00:00";44595
"2023-10-07 14:10:00";44687
"2023-10-07 14:20:00";45076
"2023-10-07 14:30:00";46045
"2023-10-07 14:40:00";46446
"2023-10-07 14:50:00";46979
"2023-10-07 15:00:00";47429
"2023-10-07 15:10:00";47285
"2023-10-07 15:20:00";47176
"2023-10-07 15:30:00";47464
"2023-10-07 15:40:00";48272
"2023-10-07 15:50:00";48721
"2023-10-07 16:00:00";48841
"2023-10-07 16:10:00";48677
"2023-10-07 16:20:00";48770
"2023-10-07 16:30:00";48841
"2023-10-07 16:40:00";49053
"2023-10-07 16:50:00";49550
"2023-10-07 17:00:00";50176
"2023-10-07 17:10:00";50422
"2023-10-07 17:20:00";50403
"2023-10-07 17:30:00";50103
"2023-10-07 17:40:00";49891
"2023-10-07 17:50:00";49824
"2023-10-07 18:00:00";50382
"2023-10-07 18:10:00";50149
"2023-10-07 18:20:00";50283
"2023-10-07 18:30:00";50346
"2023-10-07 18:40:00";50929
"2023-10-07 18:50:00";51003
"2023-10-07 19:00:00";51135
"2023-10-07 19:10:00";50854
"2023-10-07 19:20:00";50518
"2023-10-07 19:30:00";50372
"2023-10-07 19:40:00";50337
"2023-10-07 19:50:00";50184
"2023-10-07 20:00:00";50361
"2023-10-07 20:10:00";50020
"2023-10-07 20:20:00";49514
"2023-10-07 20:30:00";49178
"2023-10-07 20:40:00";48813
"2023-10-07 20:50:00";48404
"2023-10-07 21:00:00";48302
"2023-10-07 21:10:00";47823
"2023-10-07 21:20:00";47586
"2023-10-07 21:30:00";47073
"2023-10-07 21:40:00";46540
"2023-10-07 21:50:00";46073
"2023-10-07 22:00:00";45983
"2023-10-07 22:10:00";45262
"2023-10-07 22:20:00";44549
"2023-10-07 22:30:00";44100
"2023-10-07 22:40:00";43463
"2023-10-07 22:50:00";42899
"2023-10-07 23:00:00";42589
"2023-10-07 23:10:00";42080
"2023-10-07 23:20:00";41377
"2023-10-07 23:30:00";41297
"2023-10-07 23:40:00";41029
"2023-10-07 23:50:00";40697
"2023-10-08 00:00:00";40611
"2023-10-08 00:10:00";40140
"2023-10-08 00:20:00";39596
"2023-10-08 00:30:00";39371
"2023-10-08 00:40:00";39029
"2023-10-08 00:50:00";38682
"2023-10-08 01:00:00";38657
"2023-10-08 01:10:00";38688
"2023-10-08 01:20:00";38896
"2023-10-08 01:30:00";38861
"2023-10-08 01:40:00";38822
"2023-10-08 01:50:00";39234
"2023-10-08 02:00:00";39554
"2023-10-08 02:10:00";39401
"2023-10-08 02:20:00";39797
"2023-10-08 02:30:00";39943
"2023-10-08 02:40:00";39995
"2023-10-08 02:50:00";39321
"2023-10-08 03:00:00";39480
"2023-10-08 03:10:00";39535
"2023-10-08 03:20:00";39062
"2023-10-08 03:30:00";38971
"2023-10-08 03:40:00";38708
"2023-10-08 03:50:00";38227
"2023-10-08 04:00:00";38400
"2023-10-08 04:10:00";38001
"2023-10-08 04:20:00";37374
"2023-10-08 04:30:00";36987
"2023-10-08 04:40:00";36657
"2023-10-08 04:50:00";36324
"2023-10-08 05:00:00";36036
"2023-10-08 05:10:00";35799
"2023-10-08 05:20:00";35366
"2023-10-08 05:30:00";35127
"2023-10-08 05:40:00";35037
"2023-10-08 05:50:00";35005
"2023-10-08 06:00:00";34987
"2023-10-08 06:10:00";35000
"2023-10-08 06:20:00";34864
"2023-10-08 06:30:00";35006
"2023-10-08 06:40:00";34740
"2023-10-08 06:50:00";34433
"2023-10-08 07:00:00";34263
"2023-10-08 07:10:00";34011
"2023-10-08 07:20:00";33248
"2023-10-08 07:30:00";32937
"2023-10-08 07:40:00";32411
"2023-10-08 07:50:00";32573
"2023-10-08 08:00:00";32786
"2023-10-08 08:10:00";32543
"2023-10-08 08:20:00";32583
"2023-10-08 08:30:00";32177
"2023-10-08 08:40:00";32127
"2023-10-08 08:50:00";32280
"2023-10-08 09:00:00";33360
"2023-10-08 09:10:00";33205
"2023-10-08 09:20:00";32085
"2023-10-08 09:30:00";33118
"2023-10-08 09:40:00";33767
"2023-10-08 09:50:00";34710
"2023-10-08 10:00:00";35944
"2023-10-08 10:10:00";36603
"2023-10-08 10:20:00";38115
"2023-10-08 10:30:00";39124
"2023-10-08 10:40:00";39679
"2023-10-08 10:50:00";40473
"2023-10-08 11:00:00";40922
"2023-10-08 11:10:00";40887
"2023-10-08 11:20:00";41057
"2023-10-08 11:30:00";41032
"2023-10-08 11:40:00";40844
"2023-10-08 11:50:00";41536
"2023-10-08 12:00:00";42229
"2023-10-08 12:10:00";42573
"2023-10-08 12:20:00";43033
"2023-10-08 12:30:00";42937
"2023-10-08 12:40:00";43051
"2023-10-08 12:50:00";43167
"2023-10-08 13:00:00";43587
"2023-10-08 13:10:00";43594
"2023-10-08 13:20:00";43879
"2023-10-08 13:30:00";44670
"2023-10-08 13:40:00";45298
"2023-10-08 13:50:00";46509
"2023-10-08 14:00:00";47125
"2023-10-08 14:10:00";47404
"2023-10-08 14:20:00";46813
"2023-10-08 14:30:00";46851
"2023-10-08 14:40:00";47571
"2023-10-08 14:50:00";47924
"2023-10-08 15:00:00";48428
"2023-10-08 15:10:00";49162
"2023-10-08 15:20:00";48906
"2023-10-08 15:30:00";48418
"2023-10-08 15:40:00";48480
"2023-10-08 15:50:00";48602
"2023-10-08 16:00:00";49102
"2023-10-08 16:10:00";48750
"2023-10-08 16:20:00";48962
"2023-10-08 16:30:00";49056
"2023-10-08 16:40:00";49273
"2023-10-08 16:50:00";48969
"2023-10-08 17:00:00";49138
"2023-10-08 17:10:00";49362
"2023-10-08 17:20:00";49041
"2023-10-08 17:30:00";49048
"2023-10-08 17:40:00";49070
"2023-10-08 17:50:00";49193
"2023-10-08 18:00:00";49443
"2023-10-08 18:10:00";49349
"2023-10-08 18:20:00";49379
"2023-10-08 18:30:00";49283
"2023-10-08 18:40:00";49609
"2023-10-08 18:50:00";49790
"2023-10-08 19:00:00";49803
"2023-10-08 19:10:00";49571
"2023-10-08 19:20:00";48575
"2023-10-08 19:30:00";48133
"2023-10-08 19:40:00";47449
"2023-10-08 19:50:00";47224
"2023-10-08 20:00:00";47184
"2023-10-08 20:10:00";46786
"2023-10-08 20:20:00";46505
"2023-10-08 20:30:00";46400
"2023-10-08 20:40:00";45730
"2023-10-08 20:50:00";45015
"2023-10-08 21:00:00";44569
"2023-10-08 21:10:00";44039
"2023-10-08 21:20:00";43573
"2023-10-08 21:30:00";43075
"2023-10-08 21:40:00";42716
"2023-10-08 21:50:00";42282
"2023-10-08 22:00:00";42153
"2023-10-08 22:10:00";41309
"2023-10-08 22:20:00";40463
"2023-10-08 22:30:00";39741
"2023-10-08 22:40:00";38839
"2023-10-08 22:50:00";38281
"2023-10-08 23:00:00";38167
"2023-10-08 23:10:00";37722
"2023-10-08 23:20:00";37004
"2023-10-08 23:30:00";36705
"2023-10-08 23:40:00";36527
"2023-10-08 23:50:00";36742
"2023-10-09 00:00:00";36820
"2023-10-09 00:10:00";36267
"2023-10-09 00:20:00";35785
"2023-10-09 00:30:00";35552
"2023-10-09 00:40:00";35447
"2023-10-09 00:50:00";35473
"2023-10-09 01:00:00";35662
"2023-10-09 01:10:00";35491
"2023-10-09 01:20:00";34942
"2023-10-09 01:30:00";35113
"2023-10-09 01:40:00";34975
"2023-10-09 01:50:00";35355
"2023-10-09 02:00:00";35326
"2023-10-09 02:10:00";35074
"2023-10-09 02:20:00";34781
"2023-10-09 02:30:00";34858
"2023-10-09 02:40:00";34711
"2023-10-09 02:50:00";34846
"2023-10-09 03:00:00";34948
"2023-10-09 03:10:00";34751
"2023-10-09 03:20:00";34447
"2023-10-09 03:30:00";34368
"2023-10-09 03:40:00";33974
"2023-10-09 03:50:00";33623
"2023-10-09 04:00:00";33569
"2023-10-09 04:10:00";32669
"2023-10-09 04:20:00";32003
"2023-10-09 04:30:00";31594
"2023-10-09 04:40:00";31329
"2023-10-09 04:50:00";30988
"2023-10-09 05:00:00";30651
"2023-10-09 05:10:00";29974
"2023-10-09 05:20:00";29953
"2023-10-09 05:30:00";29746
"2023-10-09 05:40:00";29603
"2023-10-09 05:50:00";29352
"2023-10-09 06:00:00";29236
"2023-10-09 06:10:00";28647
"2023-10-09 06:20:00";28329
"2023-10-09 06:30:00";28003
"2023-10-09 06:40:00";27673
"2023-10-09 06:50:00";27218
"2023-10-09 07:00:00";26947
"2023-10-09 07:10:00";26715
"2023-10-09 07:20:00";26431
"2023-10-09 07:30:00";26429
"2023-10-09 07:40:00";26391
"2023-10-09 07:50:00";26437
"2023-10-09 08:00:00";26623
"2023-10-09 08:10:00";26252
"2023-10-09 08:20:00";26238
"2023-10-09 08:30:00";26344
"2023-10-09 08:40:00";26638
"2023-10-09 08:50:00";26811
"2023-10-09 09:00:00";26932
"2023-10-09 09:10:00";26754
"2023-10-09 09:20:00";26978
"2023-10-09 09:30:00";26985
"2023-10-09 09:40:00";27446
"2023-10-09 09:50:00";28172
"2023-10-09 10:00:00";28982
"2023-10-09 10:10:00";30441
"2023-10-09 10:20:00";31078
"2023-10-09 10:30:00";31554
"2023-10-09 10:40:00";31842
"2023-10-09 10:50:00";32290
"2023-10-09 11:00:00";32723
"2023-10-09 11:10:00";32730
"2023-10-09 11:20:00";32847
"2023-10-09 11:30:00";33038
"2023-10-09 11:40:00";33297
"2023-10-09 11:50:00";33927
"2023-10-09 12:00:00";34555
"2023-10-09 12:10:00";34958
"2023-10-09 12:20:00";35072
"2023-10-09 12:30:00";35623
"2023-10-09 12:40:00";35881
"2023-10-09 12:50:00";36814
"2023-10-09 13:00:00";37250
"2023-10-09 13:10:00";37902
"2023-10-09 13:20:00";38208
"2023-10-09 13:30:00";38924
"2023-10-09 13:40:00";39272
"2023-10-09 13:50:00";40416
"2023-10-09 14:00:00";41443
"2023-10-09 14:10:00";41247
"2023-10-09 14:20:00";41352
"2023-10-09 14:30:00";41480
"2023-10-09 14:40:00";42124
"2023-10-09 14:50:00";42542
"2023-10-09 15:00:00";42868
"2023-10-09 15:10:00";43009
"2023-10-09 15:20:00";43603
"2023-10-09 15:30:00";43784
"2023-10-09 15:40:00";44597
"2023-10-09 15:50:00";45662
"2023-10-09 16:00:00";47138
"2023-10-09 16:10:00";47013
"2023-10-09 16:20:00";46992
"2023-10-09 16:30:00";46999
"2023-10-09 16:40:00";47160
"2023-10-09 16:50:00";47484
"2023-10-09 17:00:00";48322
"2023-10-09 17:10:00";48250
"2023-10-09 17:20:00";48175
"2023-10-09 17:30:00";47950
"2023-10-09 17:40:00";48148
"2023-10-09 17:50:00";48384
"2023-10-09 18:00:00";49005
"2023-10-09 18:10:00";48560
"2023-10-09 18:20:00";48719
"2023-10-09 18:30:00";49206
"2023-10-09 18:40:00";49491
"2023-10-09 18:50:00";49889
"2023-10-09 19:00:00";49777
"2023-10-09 19:10:00";49551
"2023-10-09 19:20:00";49671
"2023-10-09 19:30:00";48958
"2023-10-09 19:40:00";48449
"2023-10-09 19:50:00";47853
"2023-10-09 20:00:00";47488
"2023-10-09 20:10:00";46819
"2023-10-09 20:20:00";46278
"2023-10-09 20:30:00";46306
"2023-10-09 20:40:00";45778
"2023-10-09 20:50:00";45571
"2023-10-09 21:00:00";44925
"2023-10-09 21:10:00";44384
"2023-10-09 21:20:00";43590
"2023-10-09 21:30:00";43084
"2023-10-09 21:40:00";42582
"2023-10-09 21:50:00";42182
"2023-10-09 22:00:00";42045
"2023-10-09 22:10:00";41113
"2023-10-09 22:20:00";40447
"2023-10-09 22:30:00";39822
"2023-10-09 22:40:00";39639
"2023-10-09 22:50:00";39563
"2023-10-09 23:00:00";39325
"2023-10-09 23:10:00";38646
"2023-10-09 23:20:00";38271
"2023-10-09 23:30:00";38001
"2023-10-09 23:40:00";37862
"2023-10-09 23:50:00";37631
"2023-10-10 00:00:00";37938
"2023-10-10 00:10:00";37302
"2023-10-10 00:20:00";37070
"2023-10-10 00:30:00";37107
"2023-10-10 00:40:00";37189
"2023-10-10 00:50:00";37089
"2023-10-10 01:00:00";37315
"2023-10-10 01:10:00";37107
"2023-10-10 01:20:00";36910
"2023-10-10 01:30:00";36044
"2023-10-10 01:40:00";36626
"2023-10-10 01:50:00";36884
"2023-10-10 02:00:00";37256
"2023-10-10 02:10:00";36735
"2023-10-10 02:20:00";36675
"2023-10-10 02:30:00";36181
"2023-10-10 02:40:00";36006
"2023-10-10 02:50:00";35715
"2023-10-10 03:00:00";35620
"2023-10-10 03:10:00";35231
"2023-10-10 03:20:00";35090
"2023-10-10 03:30:00";34840
"2023-10-10 03:40:00";34673
"2023-10-10 03:50:00";33743
"2023-10-10 04:00:00";32466
"2023-10-10 04:10:00";33916
"2023-10-10 04:20:00";33957
"2023-10-10 04:30:00";33782
"2023-10-10 04:40:00";33560
"2023-10-10 04:50:00";31184
"2023-10-10 05:00:00";32776
"2023-10-10 05:10:00";31759
"2023-10-10 05:20:00";31564
"2023-10-10 05:30:00";30953
"2023-10-10 05:40:00";30679
"2023-10-10 05:50:00";29936
"2023-10-10 06:00:00";29400
"2023-10-10 06:10:00";28446
"2023-10-10 06:20:00";28140
"2023-10-10 06:30:00";28103
"2023-10-10 06:40:00";27891
"2023-10-10 06:50:00";27414
"2023-10-10 07:00:00";27614
"2023-10-10 07:10:00";27434
"2023-10-10 07:20:00";27232
"2023-10-10 07:30:00";26832
"2023-10-10 07:40:00";27217
"2023-10-10 07:50:00";28021
"2023-10-10 08:00:00";27424
"2023-10-10 08:10:00";26412
"2023-10-10 08:20:00";26755
"2023-10-10 08:30:00";26475
"2023-10-10 08:40:00";26303
"2023-10-10 08:50:00";26323
"2023-10-10 09:00:00";26187
"2023-10-10 09:10:00";25825
"2023-10-10 09:20:00";25887
"2023-10-10 09:30:00";26225
"2023-10-10 09:40:00";26406
"2023-10-10 09:50:00";27513
"2023-10-10 10:00:00";29337
"2023-10-10 10:10:00";30109
"2023-10-10 10:20:00";30647
"2023-10-10 10:30:00";31200
"2023-10-10 10:40:00";32125
"2023-10-10 10:50:00";33648
"2023-10-10 11:00:00";34527
"2023-10-10 11:10:00";34909
"2023-10-10 11:20:00";35124
"2023-10-10 11:30:00";35288
"2023-10-10 11:40:00";35401
"2023-10-10 11:50:00";35522
"2023-10-10 12:00:00";35757
"2023-10-10 12:10:00";35808
"2023-10-10 12:20:00";36668
"2023-10-10 12:30:00";37098
"2023-10-10 12:40:00";36937
"2023-10-10 12:50:00";37398
"2023-10-10 13:00:00";37736
"2023-10-10 13:10:00";37756
"2023-10-10 13:20:00";38100
"2023-10-10 13:30:00";38355
"2023-10-10 13:40:00";38456
"2023-10-10 13:50:00";38774
"2023-10-10 14:00:00";39058
"2023-10-10 14:10:00";39029
"2023-10-10 14:20:00";39473
"2023-10-10 14:30:00";39577
"2023-10-10 14:40:00";39525
"2023-10-10 14:50:00";40236
"2023-10-10 15:00:00";40974
"2023-10-10 15:10:00";41341
"2023-10-10 15:20:00";42337
"2023-10-10 15:30:00";42587
"2023-10-10 15:40:00";43605
"2023-10-10 15:50:00";45870
"2023-10-10 16:00:00";45761
"2023-10-10 16:10:00";45740
"2023-10-10 16:20:00";45793
"2023-10-10 16:30:00";45532
"2023-10-10 16:40:00";45657
"2023-10-10 16:50:00";46346
"2023-10-10 17:00:00";46279
"2023-10-10 17:10:00";45517
"2023-10-10 17:20:00";44802
"2023-10-10 17:30:00";45059
"2023-10-10 17:40:00";44752
"2023-10-10 17:50:00";44500
"2023-10-10 18:00:00";44729
"2023-10-10 18:10:00";44080
"2023-10-10 18:20:00";43767
"2023-10-10 18:30:00";43442
"2023-10-10 18:40:00";43078
"2023-10-10 18:50:00";43326
"2023-10-10 19:00:00";44133
"2023-10-10 19:10:00";43959
"2023-10-10 19:20:00";43946
"2023-10-10 19:30:00";43487
"2023-10-10 19:40:00";43387
"2023-10-10 19:50:00";43002
"2023-10-10 20:00:00";42612
"2023-10-10 20:10:00";41726
"2023-10-10 20:20:00";41586
"2023-10-10 20:30:00";41633
"2023-10-10 20:40:00";40940
"2023-10-10 20:50:00";40566
"2023-10-10 21:00:00";40015
"2023-10-10 21:10:00";39454
"2023-10-10 21:20:00";38617
"2023-10-10 21:30:00";38020
"2023-10-10 21:40:00";37478
"2023-10-10 21:50:00";36685
"2023-10-10 22:00:00";36438
"2023-10-10 22:10:00";32114
"2023-10-10 22:20:00";33877
"2023-10-10 22:30:00";33940
"2023-10-10 22:40:00";33626
"2023-10-10 22:50:00";33462
"2023-10-10 23:00:00";33293
"2023-10-10 23:10:00";33049
"2023-10-10 23:20:00";32796
"2023-10-10 23:30:00";32753
"2023-10-10 23:40:00";32818
"2023-10-10 23:50:00";32734
"2023-10-11 00:00:00";32976
"2023-10-11 00:10:00";32528
"2023-10-11 00:20:00";32697
"2023-10-11 00:30:00";33118
"2023-10-11 00:40:00";33108
"2023-10-11 00:50:00";33063
"2023-10-11 01:00:00";32877
"2023-10-11 01:10:00";33039
"2023-10-11 01:20:00";33236
"2023-10-11 01:30:00";33539
"2023-10-11 01:40:00";34282
"2023-10-11 01:50:00";34884
"2023-10-11 02:00:00";34929
"2023-10-11 02:10:00";34455
"2023-10-11 02:20:00";34458
"2023-10-11 02:30:00";34752
"2023-10-11 02:40:00";34086
"2023-10-11 02:50:00";34306
"2023-10-11 03:00:00";33732
"2023-10-11 03:10:00";32820
"2023-10-11 03:20:00";32306
"2023-10-11 03:30:00";31758
"2023-10-11 03:40:00";31457
"2023-10-11 03:50:00";31119
"2023-10-11 04:00:00";31187
"2023-10-11 04:10:00";30099
"2023-10-11 04:20:00";29049
"2023-10-11 04:30:00";29187
"2023-10-11 04:40:00";29025
"2023-10-11 04:50:00";28874
"2023-10-11 05:00:00";29228
"2023-10-11 05:10:00";28381
"2023-10-11 05:20:00";27366
"2023-10-11 05:30:00";26725
"2023-10-11 05:40:00";25711
"2023-10-11 05:50:00";25632
"2023-10-11 06:00:00";24886
"2023-10-11 06:10:00";23513
"2023-10-11 06:20:00";23072
"2023-10-11 06:30:00";21929
"2023-10-11 06:40:00";20636
"2023-10-11 06:50:00";18497
"2023-10-11 07:00:00";16225
"2023-10-11 07:10:00";13364
"2023-10-11 07:20:00";12896
"2023-10-11 07:30:00";12507
"2023-10-11 07:40:00";12654
"2023-10-11 07:50:00";12447
"2023-10-11 08:00:00";11969
"2023-10-11 08:10:00";11846
"2023-10-11 08:20:00";11224
"2023-10-11 08:30:00";10735
"2023-10-11 08:40:00";10113
"2023-10-11 08:50:00";9241
"2023-10-11 09:00:00";7891
"2023-10-11 09:10:00";3920
"2023-10-11 09:20:00";2577
"2023-10-11 09:30:00";2183
"2023-10-11 09:40:00";2095
"2023-10-11 09:50:00";2109
"2023-10-11 10:00:00";2184
"2023-10-11 10:10:00";2221
"2023-10-11 10:20:00";2342
"2023-10-11 10:30:00";2531
"2023-10-11 10:40:00";2683
"2023-10-11 10:50:00";3022
"2023-10-11 11:00:00";3331
"2023-10-11 11:10:00";3403
"2023-10-11 11:20:00";3518
"2023-10-11 11:30:00";3634
"2023-10-11 11:40:00";3778
"2023-10-11 11:50:00";3891
"2023-10-11 12:00:00";4245
"2023-10-11 12:10:00";4427
"2023-10-11 12:20:00";4773
"2023-10-11 12:30:00";4984
"2023-10-11 12:40:00";5636
"2023-10-11 12:50:00";6291
"2023-10-11 13:00:00";7205
"2023-10-11 13:10:00";6524
"2023-10-11 13:20:00";6348
"2023-10-11 13:30:00";6331
"2023-10-11 13:40:00";6445
"2023-10-11 13:50:00";7002
"2023-10-11 14:00:00";7992
"2023-10-11 14:10:00";15608
"2023-10-11 14:20:00";24958
"2023-10-11 14:30:00";29416
"2023-10-11 14:40:00";32602
"2023-10-11 14:50:00";35219
"2023-10-11 15:00:00";36802
"2023-10-11 15:10:00";38427
"2023-10-11 15:20:00";39508
"2023-10-11 15:30:00";40350
"2023-10-11 15:40:00";41455
"2023-10-11 15:50:00";42267
"2023-10-11 16:00:00";43064
"2023-10-11 16:10:00";44041
"2023-10-11 16:20:00";44812
"2023-10-11 16:30:00";45022
"2023-10-11 16:40:00";45372
"2023-10-11 16:50:00";45897
"2023-10-11 17:00:00";46139
"2023-10-11 17:10:00";45964
"2023-10-11 17:20:00";46470
"2023-10-11 17:30:00";46598
"2023-10-11 17:40:00";47213
"2023-10-11 17:50:00";47297
"2023-10-11 18:00:00";
"2023-10-11 18:10:00";47622
"2023-10-11 18:20:00";47830
"2023-10-11 18:30:00";47921
"2023-10-11 18:40:00";48372
"2023-10-11 18:50:00";48730
"2023-10-11 19:00:00";48613
"2023-10-11 19:10:00";49160
"2023-10-11 19:20:00";49379
"2023-10-11 19:30:00";48952
"2023-10-11 19:40:00";49037
"2023-10-11 19:50:00";49167
"2023-10-11 20:00:00";50147
"2023-10-11 20:10:00";50800
"2023-10-11 20:20:00";50732
"2023-10-11 20:30:00";50506
"2023-10-11 20:40:00";49893
"2023-10-11 20:50:00";49414
"2023-10-11 21:00:00";49034
"2023-10-11 21:10:00";48633
"2023-10-11 21:20:00";48067
"2023-10-11 21:30:00";47349
"2023-10-11 21:40:00";46829
"2023-10-11 21:50:00";45226
"2023-10-11 22:00:00";44609
"2023-10-11 22:10:00";44356
"2023-10-11 22:20:00";44219
"2023-10-11 22:30:00";44129
"2023-10-11 22:40:00";43499
"2023-10-11 22:50:00";43681
"2023-10-11 23:00:00";43434
"2023-10-11 23:10:00";43289
"2023-10-11 23:20:00";43002
"2023-10-11 23:30:00";42670
"2023-10-11 23:40:00";42245
"2023-10-11 23:50:00";41897
"2023-10-12 00:00:00";41635
"2023-10-12 00:10:00";41517
"2023-10-12 00:20:00";40817
"2023-10-12 00:30:00";40999
"2023-10-12 00:40:00";41978
"2023-10-12 00:50:00";42506
"2023-10-12 01:00:00";42486
"2023-10-12 01:10:00";42478
"2023-10-12 01:20:00";42221
"2023-10-12 01:30:00";42827
"2023-10-12 01:40:00";43315
"2023-10-12 01:50:00";43705
"2023-10-12 02:00:00";43674
"2023-10-12 02:10:00";43767
"2023-10-12 02:20:00";43039
"2023-10-12 02:30:00";42805
"2023-10-12 02:40:00";43050
"2023-10-12 02:50:00";43866
"2023-10-12 03:00:00";43315
"2023-10-12 03:10:00";43944
"2023-10-12 03:20:00";43716
"2023-10-12 03:30:00";43672
"2023-10-12 03:40:00";43542
"2023-10-12 03:50:00";42447
"2023-10-12 04:00:00";42286
"2023-10-12 04:10:00";41700
"2023-10-12 04:20:00";41287
"2023-10-12 04:30:00";40512
"2023-10-12 04:40:00";39815
"2023-10-12 04:50:00";39347
"2023-10-12 05:00:00";38975
"2023-10-12 05:10:00";38418
"2023-10-12 05:20:00";37732
"2023-10-12 05:30:00";37317
"2023-10-12 05:40:00";36430
"2023-10-12 05:50:00";36043
"2023-10-12 06:00:00";35768
"2023-10-12 06:10:00";35836
"2023-10-12 06:20:00";36132
"2023-10-12 06:30:00";36221
"2023-10-12 06:40:00";36222
"2023-10-12 06:50:00";36380
"2023-10-12 07:00:00";36765
"2023-10-12 07:10:00";36548
"2023-10-12 07:20:00";36847
"2023-10-12 07:30:00";37017
"2023-10-12 07:40:00";36956
"2023-10-12 07:50:00";37127
"2023-10-12 08:00:00";37098
"2023-10-12 08:10:00";36888
"2023-10-12 08:20:00";36924
"2023-10-12 08:30:00";37345
"2023-10-12 08:40:00";36662
"2023-10-12 08:50:00";37643
"2023-10-12 09:00:00";36568
"2023-10-12 09:10:00";37780
"2023-10-12 09:20:00";37846
"2023-10-12 09:30:00";37753
"2023-10-12 09:40:00";37650
"2023-10-12 09:50:00";38090
"2023-10-12 10:00:00";38462
"2023-10-12 10:10:00";38694
"2023-10-12 10:20:00";38655
"2023-10-12 10:30:00";38887
"2023-10-12 10:40:00";39075
"2023-10-12 10:50:00";39515
"2023-10-12 11:00:00";39523
"2023-10-12 11:10:00";39952
"2023-10-12 11:20:00";40245
"2023-10-12 11:30:00";40231
"2023-10-12 11:40:00";40683
"2023-10-12 11:50:00";40932
"2023-10-12 12:00:00";41436
"2023-10-12 12:10:00";41648
"2023-10-12 12:20:00";42048
"2023-10-12 12:30:00";42264
"2023-10-12 12:40:00";42736
"2023-10-12 12:50:00";43780
"2023-10-12 13:00:00";44206
"2023-10-12 13:10:00";44810
"2023-10-12 13:20:00";45101
"2023-10-12 13:30:00";43115
"2023-10-12 13:40:00";43159
"2023-10-12 13:50:00";45985
"2023-10-12 14:00:00";46652
"2023-10-12 14:10:00";47236
"2023-10-12 14:20:00";48473
"2023-10-12 14:30:00";49331
"2023-10-12 14:40:00";50318
"2023-10-12 14:50:00";50665
"2023-10-12 15:00:00";50768
"2023-10-12 15:10:00";51014
"2023-10-12 15:20:00";51231
"2023-10-12 15:30:00";50052
"2023-10-12 15:40:00";51201
"2023-10-12 15:50:00";51778
"2023-10-12 16:00:00";53508
"2023-10-12 16:10:00";54628
"2023-10-12 16:20:00";55075
"2023-10-12 16:30:00";55117
"2023-10-12 16:40:00";54587
"2023-10-12 16:50:00";55093
"2023-10-12 17:00:00";55087
"2023-10-12 17:10:00";55092
"2023-10-12 17:20:00";55528
"2023-10-12 17:30:00";55588
"2023-10-12 17:40:00";55958
"2023-10-12 17:50:00";55815
"2023-10-12 18:00:00";55745
"2023-10-12 18:10:00";55380
"2023-10-12 18:20:00";54416
"2023-10-12 18:30:00";54404
"2023-10-12 18:40:00";54140
"2023-10-12 18:50:00";53176
"2023-10-12 19:00:00";53462
"2023-10-12 19:10:00";53639
"2023-10-12 19:20:00";53011
"2023-10-12 19:30:00";52658
"2023-10-12 19:40:00";52460
"2023-10-12 19:50:00";52187
"2023-10-12 20:00:00";51859
"2023-10-12 20:10:00";51442
"2023-10-12 20:20:00";50872
"2023-10-12 20:30:00";50687
"2023-10-12 20:40:00";50342
"2023-10-12 20:50:00";49936
"2023-10-12 21:00:00";49478
"2023-10-12 21:10:00";48751
"2023-10-12 21:20:00";48244
"2023-10-12 21:30:00";47769
"2023-10-12 21:40:00";47174
"2023-10-12 21:50:00";46763
"2023-10-12 22:00:00";46255
"2023-10-12 22:10:00";45291
"2023-10-12 22:20:00";44786
"2023-10-12 22:30:00";44375
"2023-10-12 22:40:00";43874
"2023-10-12 22:50:00";43538
"2023-10-12 23:00:00";43375
"2023-10-12 23:10:00";42850
"2023-10-12 23:20:00";42623
"2023-10-12 23:30:00";42219
"2023-10-12 23:40:00";42198
"2023-10-12 23:50:00";41754
"2023-10-13 00:00:00";41150
"2023-10-13 00:10:00";40868
"2023-10-13 00:20:00";40741
"2023-10-13 00:30:00";40634
"2023-10-13 00:40:00";40518
"2023-10-13 00:50:00";40293
"2023-10-13 01:00:00";40290
"2023-10-13 01:10:00";39682
"2023-10-13 01:20:00";39591
"2023-10-13 01:30:00";39024
"2023-10-13 01:40:00";38839
"2023-10-13 01:50:00";39253
"2023-10-13 02:00:00";39842
"2023-10-13 02:10:00";39744
"2023-10-13 02:20:00";40136
"2023-10-13 02:30:00";40991
"2023-10-13 02:40:00";41319
"2023-10-13 02:50:00";41140
"2023-10-13 03:00:00";40813
"2023-10-13 03:10:00";40384
"2023-10-13 03:20:00";40075
"2023-10-13 03:30:00";39378
"2023-10-13 03:40:00";38771
"2023-10-13 03:50:00";38512
"2023-10-13 04:00:00";38479
"2023-10-13 04:10:00";37616
"2023-10-13 04:20:00";36850
"2023-10-13 04:30:00";36212
"2023-10-13 04:40:00";35565
"2023-10-13 04:50:00";34980
"2023-10-13 05:00:00";34704
"2023-10-13 05:10:00";34144
"2023-10-13 05:20:00";34043
"2023-10-13 05:30:00";33971
"2023-10-13 05:40:00";34366
"2023-10-13 05:50:00";34263
"2023-10-13 06:00:00";33832
"2023-10-13 06:10:00";33312
"2023-10-13 06:20:00";32913
"2023-10-13 06:30:00";32880
"2023-10-13 06:40:00";32148
"2023-10-13 06:50:00";32684
"2023-10-13 07:00:00";32675
"2023-10-13 07:10:00";32362
"2023-10-13 07:20:00";31985
"2023-10-13 07:30:00";31863
"2023-10-13 07:40:00";32156
"2023-10-13 07:50:00";32253
"2023-10-13 08:00:00";33116
"2023-10-13 08:10:00";33297
"2023-10-13 08:20:00";32847
"2023-10-13 08:30:00";33021
"2023-10-13 08:40:00";32952
"2023-10-13 08:50:00";32909
"2023-10-13 09:00:00";33041
"2023-10-13 09:10:00";32361
"2023-10-13 09:20:00";32179
"2023-10-13 09:30:00";31867
"2023-10-13 09:40:00";31449
"2023-10-13 09:50:00";31714
"2023-10-13 10:00:00";32559
"2023-10-13 10:10:00";32755
"2023-10-13 10:20:00";33561
"2023-10-13 10:30:00";34326
"2023-10-13 10:40:00";34784
"2023-10-13 10:50:00";35305
"2023-10-13 11:00:00";37027
"2023-10-13 11:10:00";37760
"2023-10-13 11:20:00";38308
"2023-10-13 11:30:00";39027
"2023-10-13 11:40:00";39376
"2023-10-13 11:50:00";39431
"2023-10-13 12:00:00";40119
"2023-10-13 12:10:00";39599
"2023-10-13 12:20:00";40054
"2023-10-13 12:30:00";40578
"2023-10-13 12:40:00";40492
"2023-10-13 12:50:00";40541
"2023-10-13 13:00:00";41208
"2023-10-13 13:10:00";42185
"2023-10-13 13:20:00";42937
"2023-10-13 13:30:00";43448
"2023-10-13 13:40:00";43634
"2023-10-13 13:50:00";42785
"2023-10-13 14:00:00";43386
"2023-10-13 14:10:00";43774
"2023-10-13 14:20:00";45159
"2023-10-13 14:30:00";45540
"2023-10-13 14:40:00";45882
"2023-10-13 14:50:00";46204
"2023-10-13 15:00:00";45958
"2023-10-13 15:10:00";46888
"2023-10-13 15:20:00";46988
"2023-10-13 15:30:00";46775
"2023-10-13 15:40:00";47344
"2023-10-13 15:50:00";47652
"2023-10-13 16:00:00";48278
"2023-10-13 16:10:00";48552
"2023-10-13 16:20:00";48306
"2023-10-13 16:30:00";48183
"2023-10-13 16:40:00";48594
"2023-10-13 16:50:00";49192
"2023-10-13 17:00:00";49330
"2023-10-13 17:10:00";49197
"2023-10-13 17:20:00";49229
"2023-10-13 17:30:00";49349
"2023-10-13 17:40:00";49340
"2023-10-13 17:50:00";49392
"2023-10-13 18:00:00";49585
"2023-10-13 18:10:00";49477
"2023-10-13 18:20:00";48994
"2023-10-13 18:30:00";48953
"2023-10-13 18:40:00";49014
"2023-10-13 18:50:00";49159
"2023-10-13 19:00:00";49563
"2023-10-13 19:10:00";49416
"2023-10-13 19:20:00";49340
"2023-10-13 19:30:00";49548
"2023-10-13 19:40:00";49485
"2023-10-13 19:50:00";49578
"2023-10-13 20:00:00";49502
"2023-10-13 20:10:00";49301
"2023-10-13 20:20:00";49093
"2023-10-13 20:30:00";49139
"2023-10-13 20:40:00";49022
"2023-10-13 20:50:00";48632
"2023-10-13 21:00:00";48382
"2023-10-13 21:10:00";47677
"2023-10-13 21:20:00";47216
"2023-10-13 21:30:00";46340
"2023-10-13 21:40:00";46101
"2023-10-13 21:50:00";45591
"2023-10-13 22:00:00";45334
"2023-10-13 22:10:00";44598
"2023-10-13 22:20:00";43986
"2023-10-13 22:30:00";43434
"2023-10-13 22:40:00";42932
"2023-10-13 22:50:00";42496
"2023-10-13 23:00:00";41988
"2023-10-13 23:10:00";41583
"2023-10-13 23:20:00";41230
"2023-10-13 23:30:00";40721
"2023-10-13 23:40:00";40127
"2023-10-13 23:50:00";39917
"2023-10-14 00:00:00";39523
"2023-10-14 00:10:00";38774
"2023-10-14 00:20:00";38738
"2023-10-14 00:30:00";38868
"2023-10-14 00:40:00";38597
"2023-10-14 00:50:00";38264
"2023-10-14 01:00:00";38487
"2023-10-14 01:10:00";38097
"2023-10-14 01:20:00";37790
"2023-10-14 01:30:00";37664
"2023-10-14 01:40:00";37849
"2023-10-14 01:50:00";37963
"2023-10-14 02:00:00";37796
"2023-10-14 02:10:00";38126
"2023-10-14 02:20:00";38250
"2023-10-14 02:30:00";38363
"2023-10-14 02:40:00";38338
"2023-10-14 02:50:00";38578
"2023-10-14 03:00:00";38842
"2023-10-14 03:10:00";38681
"2023-10-14 03:20:00";39244
"2023-10-14 03:30:00";38887
"2023-10-14 03:40:00";38627
"2023-10-14 03:50:00";38482
"2023-10-14 04:00:00";38110
"2023-10-14 04:10:00";37877
"2023-10-14 04:20:00";38443
"2023-10-14 04:30:00";38218
"2023-10-14 04:40:00";37617
"2023-10-14 04:50:00";37082
"2023-10-14 05:00:00";36096
"2023-10-14 05:10:00";35686
"2023-10-14 05:20:00";35391
"2023-10-14 05:30:00";35062
"2023-10-14 05:40:00";34953
"2023-10-14 05:50:00";34695
"2023-10-14 06:00:00";34821
"2023-10-14 06:10:00";34771
"2023-10-14 06:20:00";34138
"2023-10-14 06:30:00";33403
"2023-10-14 06:40:00";33101
"2023-10-14 06:50:00";32766
"2023-10-14 07:00:00";32653
"2023-10-14 07:10:00";32825
"2023-10-14 07:20:00";32800
"2023-10-14 07:30:00";32809
"2023-10-14 07:40:00";32908
"2023-10-14 07:50:00";32661
"2023-10-14 08:00:00";32006
"2023-10-14 08:10:00";32913
"2023-10-14 08:20:00";33830
"2023-10-14 08:30:00";33376
"2023-10-14 08:40:00";33899
"2023-10-14 08:50:00";34392
"2023-10-14 09:00:00";34408
"2023-10-14 09:10:00";33979
"2023-10-14 09:20:00";34179
"2023-10-14 09:30:00";34108
"2023-10-14 09:40:00";34632
"2023-10-14 09:50:00";35050
"2023-10-14 10:00:00";35389
"2023-10-14 10:10:00";35743
"2023-10-14 10:20:00";36399
"2023-10-14 10:30:00";36875
"2023-10-14 10:40:00";37261
"2023-10-14 10:50:00";37934
"2023-10-14 11:00:00";38258
"2023-10-14 11:10:00";38761
"2023-10-14 11:20:00";38931
"2023-10-14 11:30:00";39743
"2023-10-14 11:40:00";40142
"2023-10-14 11:50:00";40481
"2023-10-14 12:00:00";40870
"2023-10-14 12:10:00";41156
"2023-10-14 12:20:00";41742
"2023-10-14 12:30:00";42155
"2023-10-14 12:40:00";42183
"2023-10-14 12:50:00";42924
"2023-10-14 13:00:00";43163
"2023-10-14 13:10:00";43975
"2023-10-14 13:20:00";44109
"2023-10-14 13:30:00";44878
"2023-10-14 13:40:00";45466
"2023-10-14 13:50:00";45581
"2023-10-14 14:00:00";45891
"2023-10-14 14:10:00";46152
"2023-10-14 14:20:00";46359
"2023-10-14 14:30:00";46982
"2023-10-14 14:40:00";47251
"2023-10-14 14:50:00";47624
"2023-10-14 15:00:00";48196
"2023-10-14 15:10:00";48142
"2023-10-14 15:20:00";47334
"2023-10-14 15:30:00";47503
"2023-10-14 15:40:00";47549
"2023-10-14 15:50:00";47745
"2023-10-14 16:00:00";47818
"2023-10-14 16:10:00";48148
"2023-10-14 16:20:00";49176
"2023-10-14 16:30:00";49517
"2023-10-14 16:40:00";49567
"2023-10-14 16:50:00";50135
"2023-10-14 17:00:00";50234
"2023-10-14 17:10:00";49964
"2023-10-14 17:20:00";49451
"2023-10-14 17:30:00";49898
"2023-10-14 17:40:00";50042
"2023-10-14 17:50:00";50204
"2023-10-14 18:00:00";49874
"2023-10-14 18:10:00";50169
"2023-10-14 18:20:00";50239
"2023-10-14 18:30:00";50351
"2023-10-14 18:40:00";50574
"2023-10-14 18:50:00";51357
"2023-10-14 19:00:00";51541
"2023-10-14 19:10:00";51477
"2023-10-14 19:20:00";51308
"2023-10-14 19:30:00";51222
"2023-10-14 19:40:00";50929
"2023-10-14 19:50:00";50654
"2023-10-14 20:00:00";50467
"2023-10-14 20:10:00";50094
"2023-10-14 20:20:00";49722
"2023-10-14 20:30:00";49591
"2023-10-14 20:40:00";49358
"2023-10-14 20:50:00";49075
"2023-10-14 21:00:00";48719
"2023-10-14 21:10:00";48360
"2023-10-14 21:20:00";47753
"2023-10-14 21:30:00";47482
"2023-10-14 21:40:00";47080
"2023-10-14 21:50:00";46658
"2023-10-14 22:00:00";46461
"2023-10-14 22:10:00";45780
"2023-10-14 22:20:00";45312
"2023-10-14 22:30:00";44770
"2023-10-14 22:40:00";44246
"2023-10-14 22:50:00";43813
"2023-10-14 23:00:00";43414
"2023-10-14 23:10:00";42868
"2023-10-14 23:20:00";42182
"2023-10-14 23:30:00";41599
"2023-10-14 23:40:00";41004
"2023-10-14 23:50:00";40310
"2023-10-15 00:00:00";40051
"2023-10-15 00:10:00";39653
"2023-10-15 00:20:00";39133
"2023-10-15 00:30:00";38658
"2023-10-15 00:40:00";38525
"2023-10-15 00:50:00";38472
"2023-10-15 01:00:00";38393
"2023-10-15 01:10:00";38004
"2023-10-15 01:20:00";37253
"2023-10-15 01:30:00";36844
"2023-10-15 01:40:00";36870
"2023-10-15 01:50:00";36723
"2023-10-15 02:00:00";36555
"2023-10-15 02:10:00";36354
"2023-10-15 02:20:00";36587
"2023-10-15 02:30:00";36622
"2023-10-15 02:40:00";36825
"2023-10-15 02:50:00";37038
"2023-10-15 03:00:00";37769
"2023-10-15 03:10:00";37608
"2023-10-15 03:20:00";37166
"2023-10-15 03:30:00";36698
"2023-10-15 03:40:00";36293
"2023-10-15 03:50:00";36497
"2023-10-15 04:00:00";36436
"2023-10-15 04:10:00";35916
"2023-10-15 04:20:00";35370
"2023-10-15 04:30:00";34998
"2023-10-15 04:40:00";34614
"2023-10-15 04:50:00";34447
"2023-10-15 05:00:00";34277
"2023-10-15 05:10:00";34094
"2023-10-15 05:20:00";33268
"2023-10-15 05:30:00";33140
"2023-10-15 05:40:00";32335
"2023-10-15 05:50:00";31962
"2023-10-15 06:00:00";31727
"2023-10-15 06:10:00";31642
"2023-10-15 06:20:00";31314
"2023-10-15 06:30:00";31124
"2023-10-15 06:40:00";31006
"2023-10-15 06:50:00";31007
"2023-10-15 07:00:00";31202
"2023-10-15 07:10:00";30984
"2023-10-15 07:20:00";31050
"2023-10-15 07:30:00";31152
"2023-10-15 07:40:00";31252
"2023-10-15 07:50:00";31214
"2023-10-15 08:00:00";31101
"2023-10-15 08:10:00";31216
"2023-10-15 08:20:00";31281
"2023-10-15 08:30:00";31265
"2023-10-15 08:40:00";31571
"2023-10-15 08:50:00";32388
"2023-10-15 09:00:00";33038
"2023-10-15 09:10:00";33120
"2023-10-15 09:20:00";33040
"2023-10-15 09:30:00";33509
"2023-10-15 09:40:00";34004
"2023-10-15 09:50:00";34593
"2023-10-15 10:00:00";34337
"2023-10-15 10:10:00";35168
"2023-10-15 10:20:00";36115
"2023-10-15 10:30:00";36512
"2023-10-15 10:40:00";36943
"2023-10-15 10:50:00";37680
"2023-10-15 11:00:00";38316
"2023-10-15 11:10:00";38416
"2023-10-15 11:20:00";38319
"2023-10-15 11:30:00";38804
"2023-10-15 11:40:00";39084
"2023-10-15 11:50:00";39503
"2023-10-15 12:00:00";40203
"2023-10-15 12:10:00";40925
"2023-10-15 12:20:00";41391
"2023-10-15 12:30:00";41594
"2023-10-15 12:40:00";41510
"2023-10-15 12:50:00";41943
"2023-10-15 13:00:00";42662
"2023-10-15 13:10:00";42734
"2023-10-15 13:20:00";43673
"2023-10-15 13:30:00";44293
"2023-10-15 13:40:00";44914
"2023-10-15 13:50:00";45266
"2023-10-15 14:00:00";45427
"2023-10-15 14:10:00";45896
"2023-10-15 14:20:00";46171
"2023-10-15 14:30:00";46243
"2023-10-15 14:40:00";45973
"2023-10-15 14:50:00";46387
"2023-10-15 15:00:00";46700
"2023-10-15 15:10:00";47034
"2023-10-15 15:20:00";46880
"2023-10-15 15:30:00";47147
"2023-10-15 15:40:00";47184
"2023-10-15 15:50:00";47268
"2023-10-15 16:00:00";47683
"2023-10-15 16:10:00";47800
"2023-10-15 16:20:00";48072
"2023-10-15 16:30:00";48080
"2023-10-15 16:40:00";48278
"2023-10-15 16:50:00";48194
"2023-10-15 17:00:00";47968
"2023-10-15 17:10:00";48123
"2023-10-15 17:20:00";47887
"2023-10-15 17:30:00";47873
"2023-10-15 17:40:00";47745
"2023-10-15 17:50:00";47743
"2023-10-15 18:00:00";47876
"2023-10-15 18:10:00";47763
"2023-10-15 18:20:00";47473
"2023-10-15 18:30:00";48093
"2023-10-15 18:40:00";48210
"2023-10-15 18:50:00";48410
"2023-10-15 19:00:00";48581
"2023-10-15 19:10:00";48487
"2023-10-15 19:20:00";48530
"2023-10-15 19:30:00";48381
"2023-10-15 19:40:00";48275
"2023-10-15 19:50:00";48158
"2023-10-15 20:00:00";48200
"2023-10-15 20:10:00";48114
"2023-10-15 20:20:00";47810
"2023-10-15 20:30:00";47400
"2023-10-15 20:40:00";47036
"2023-10-15 20:50:00";46689
"2023-10-15 21:00:00";46429
"2023-10-15 21:10:00";46011
"2023-10-15 21:20:00";45410
"2023-10-15 21:30:00";44890
"2023-10-15 21:40:00";44318
"2023-10-15 21:50:00";43819
"2023-10-15 22:00:00";43661
"2023-10-15 22:10:00";42885
"2023-10-15 22:20:00";42098
"2023-10-15 22:30:00";41629
"2023-10-15 22:40:00";41065
"2023-10-15 22:50:00";40360
"2023-10-15 23:00:00";40006
"2023-10-15 23:10:00";39580
"2023-10-15 23:20:00";39196
"2023-10-15 23:30:00";38800
"2023-10-15 23:40:00";38387
"2023-10-15 23:50:00";38143
"2023-10-16 00:00:00";37933
"2023-10-16 00:10:00";37606
"2023-10-16 00:20:00";37465
"2023-10-16 00:30:00";37281
"2023-10-16 00:40:00";37214
"2023-10-16 00:50:00";37434
"2023-10-16 01:00:00";37553
"2023-10-16 01:10:00";36908
"2023-10-16 01:20:00";36659
"2023-10-16 01:30:00";36219
"2023-10-16 01:40:00";35777
"2023-10-16 01:50:00";36047
"2023-10-16 02:00:00";36387
"2023-10-16 02:10:00";36524
"2023-10-16 02:20:00";35971
"2023-10-16 02:30:00";35585
"2023-10-16 02:40:00";35148
"2023-10-16 02:50:00";35155
"2023-10-16 03:00:00";34868
"2023-10-16 03:10:00";34303
"2023-10-16 03:20:00";33969
"2023-10-16 03:30:00";33493
"2023-10-16 03:40:00";32841
"2023-10-16 03:50:00";32653
"2023-10-16 04:00:00";32362
"2023-10-16 04:10:00";32104
"2023-10-16 04:20:00";31898
"2023-10-16 04:30:00";31348
"2023-10-16 04:40:00";30655
"2023-10-16 04:50:00";30007
"2023-10-16 05:00:00";29824
"2023-10-16 05:10:00";29333
"2023-10-16 05:20:00";28862
"2023-10-16 05:30:00";28639
"2023-10-16 05:40:00";28588
"2023-10-16 05:50:00";27926
"2023-10-16 06:00:00";27619
"2023-10-16 06:10:00";27408
"2023-10-16 06:20:00";27309
"2023-10-16 06:30:00";27056
"2023-10-16 06:40:00";27009
"2023-10-16 06:50:00";28211
"2023-10-16 07:00:00";28302
"2023-10-16 07:10:00";28883
"2023-10-16 07:20:00";27976
"2023-10-16 07:30:00";27841
"2023-10-16 07:40:00";28156
"2023-10-16 07:50:00";27998
"2023-10-16 08:00:00";27967
"2023-10-16 08:10:00";27973
"2023-10-16 08:20:00";27417
"2023-10-16 08:30:00";27356
"2023-10-16 08:40:00";27583
"2023-10-16 08:50:00";27803
"2023-10-16 09:00:00";27797
"2023-10-16 09:10:00";27735
"2023-10-16 09:20:00";27646
"2023-10-16 09:30:00";26882
"2023-10-16 09:40:00";27042
"2023-10-16 09:50:00";27893
"2023-10-16 10:00:00";28923
"2023-10-16 10:10:00";29293
"2023-10-16 10:20:00";30060
"2023-10-16 10:30:00";30546
"2023-10-16 10:40:00";31528
"2023-10-16 10:50:00";32307
"2023-10-16 11:00:00";32812
"2023-10-16 11:10:00";32968
"2023-10-16 11:20:00";33438
"2023-10-16 11:30:00";33955
"2023-10-16 11:40:00";34407
"2023-10-16 11:50:00";34709
"2023-10-16 12:00:00";35388
"2023-10-16 12:10:00";35566
"2023-10-16 12:20:00";36018
"2023-10-16 12:30:00";36708
"2023-10-16 12:40:00";37314
"2023-10-16 12:50:00";37707
"2023-10-16 13:00:00";38253
"2023-10-16 13:10:00";37958
"2023-10-16 13:20:00";38136
"2023-10-16 13:30:00";38297
"2023-10-16 13:40:00";38756
"2023-10-16 13:50:00";38723
"2023-10-16 14:00:00";38879
"2023-10-16 14:10:00";39053
"2023-10-16 14:20:00";39400
"2023-10-16 14:30:00";39808
"2023-10-16 14:40:00";40578
"2023-10-16 14:50:00";41084
"2023-10-16 15:00:00";41364
"2023-10-16 15:10:00";41542
"2023-10-16 15:20:00";41581
"2023-10-16 15:30:00";41691
"2023-10-16 15:40:00";41442
"2023-10-16 15:50:00";41997
"2023-10-16 16:00:00";42038
"2023-10-16 16:10:00";42585
"2023-10-16 16:20:00";42883
"2023-10-16 16:30:00";43297
"2023-10-16 16:40:00";43659
"2023-10-16 16:50:00";44035
"2023-10-16 17:00:00";44420
"2023-10-16 17:10:00";44400
"2023-10-16 17:20:00";44570
"2023-10-16 17:30:00";45089
"2023-10-16 17:40:00";44902
"2023-10-16 17:50:00";44891
"2023-10-16 18:00:00";45001
"2023-10-16 18:10:00";44981
"2023-10-16 18:20:00";44699
"2023-10-16 18:30:00";44660
"2023-10-16 18:40:00";44554
"2023-10-16 18:50:00";44551
"2023-10-16 19:00:00";44858
"2023-10-16 19:10:00";44833
"2023-10-16 19:20:00";44222
"2023-10-16 19:30:00";44024
"2023-10-16 19:40:00";43651
"2023-10-16 19:50:00";43319
"2023-10-16 20:00:00";42940
"2023-10-16 20:10:00";42753
"2023-10-16 20:20:00";42370
"2023-10-16 20:30:00";42105
"2023-10-16 20:40:00";41628
"2023-10-16 20:50:00";41267
"2023-10-16 21:00:00";41146
"2023-10-16 21:10:00";40608
"2023-10-16 21:20:00";39860
"2023-10-16 21:30:00";39341
"2023-10-16 21:40:00";38936
"2023-10-16 21:50:00";38977
"2023-10-16 22:00:00";38597
"2023-10-16 22:10:00";37761
"2023-10-16 22:20:00";37235
"2023-10-16 22:30:00";36971
"2023-10-16 22:40:00";36810
"2023-10-16 22:50:00";36624
"2023-10-16 23:00:00";36414
"2023-10-16 23:10:00";36190
"2023-10-16 23:20:00";35685
"2023-10-16 23:30:00";35492
"2023-10-16 23:40:00";35460
"2023-10-16 23:50:00";35140
"2023-10-17 00:00:00";34887
"2023-10-17 00:10:00";34645
"2023-10-17 00:20:00";34543
"2023-10-17 00:30:00";34444
"2023-10-17 00:40:00";34343
"2023-10-17 00:50:00";34325
"2023-10-17 01:00:00";34442
"2023-10-17 01:10:00";34421
"2023-10-17 01:20:00";34320
"2023-10-17 01:30:00";33546
"2023-10-17 01:40:00";33421
"2023-10-17 01:50:00";33516
"2023-10-17 02:00:00";33786
"2023-10-17 02:10:00";33632
"2023-10-17 02:20:00";34128
"2023-10-17 02:30:00";34025
"2023-10-17 02:40:00";33817
"2023-10-17 02:50:00";33462
"2023-10-17 03:00:00";33218
"2023-10-17 03:10:00";32806
"2023-10-17 03:20:00";32552
"2023-10-17 03:30:00";32500
"2023-10-17 03:40:00";31995
"2023-10-17 03:50:00";31247
"2023-10-17 04:00:00";31043
"2023-10-17 04:10:00";30805
"2023-10-17 04:20:00";30131
"2023-10-17 04:30:00";29577
"2023-10-17 04:40:00";28424
"2023-10-17 04:50:00";27551
"2023-10-17 05:00:00";27354
"2023-10-17 05:10:00";26983
"2023-10-17 05:20:00";26590
"2023-10-17 05:30:00";26011
"2023-10-17 05:40:00";25742
"2023-10-17 05:50:00";25621
"2023-10-17 06:00:00";25397
"2023-10-17 06:10:00";23643
"2023-10-17 06:20:00";23670
"2023-10-17 06:30:00";23625
"2023-10-17 06:40:00";22947
"2023-10-17 06:50:00";23124
"2023-10-17 07:00:00";22733
"2023-10-17 07:10:00";23143
"2023-10-17 07:20:00";23372
"2023-10-17 07:30:00";23277
"2023-10-17 07:40:00";22847
"2023-10-17 07:50:00";22562
"2023-10-17 08:00:00";22205
"2023-10-17 08:10:00";22199
"2023-10-17 08:20:00";21972
"2023-10-17 08:30:00";22093
"2023-10-17 08:40:00";22414
"2023-10-17 08:50:00";23058
"2023-10-17 09:00:00";23412
"2023-10-17 09:10:00";23436
"2023-10-17 09:20:00";22389
"2023-10-17 09:30:00";22114
"2023-10-17 09:40:00";22606
"2023-10-17 09:50:00";23547
"2023-10-17 10:00:00";24742
"2023-10-17 10:10:00";25635
"2023-10-17 10:20:00";26508
"2023-10-17 10:30:00";27303
"2023-10-17 10:40:00";27587
"2023-10-17 10:50:00";27557
"2023-10-17 11:00:00";27116
"2023-10-17 11:10:00";27408
"2023-10-17 11:20:00";27348
"2023-10-17 11:30:00";28288
"2023-10-17 11:40:00";29489
"2023-10-17 11:50:00";30132
"2023-10-17 12:00:00";31026
"2023-10-17 12:10:00";31431
"2023-10-17 12:20:00";31596
"2023-10-17 12:30:00";31830
"2023-10-17 12:40:00";31894
"2023-10-17 12:50:00";32599
"2023-10-17 13:00:00";33240
"2023-10-17 13:10:00";33328
"2023-10-17 13:20:00";33272
"2023-10-17 13:30:00";33663
"2023-10-17 13:40:00";33892
"2023-10-17 13:50:00";34338