"DateTime";"Players"
"2017-08-14 00:00:00";3
"2017-08-15 00:00:00";3
"2017-08-16 00:00:00";5
"2017-08-17 00:00:00";5
"2017-08-18 00:00:00";4
"2017-08-19 00:00:00";
"2017-08-20 00:00:00";
"2017-08-21 00:00:00";6
"2017-08-22 00:00:00";5
"2017-08-23 00:00:00";4
"2017-08-24 00:00:00";4
"2017-08-25 00:00:00";4
"2017-08-26 00:00:00";
"2017-08-27 00:00:00";
"2017-08-28 00:00:00";4
"2017-08-29 00:00:00";5
"2017-08-30 00:00:00";4
"2017-08-31 00:00:00";3
"2017-09-01 00:00:00";3
"2017-09-02 00:00:00";1
"2017-09-03 00:00:00";
"2017-09-04 00:00:00";6
"2017-09-05 00:00:00";7
"2017-09-06 00:00:00";6
"2017-09-07 00:00:00";5
"2017-09-08 00:00:00";6
"2017-09-09 00:00:00";
"2017-09-10 00:00:00";
"2017-09-11 00:00:00";2
"2017-09-12 00:00:00";6
"2017-09-13 00:00:00";6
"2017-09-14 00:00:00";5
"2017-09-15 00:00:00";5
"2017-09-16 00:00:00";1
"2017-09-17 00:00:00";1
"2017-09-18 00:00:00";1
"2017-09-19 00:00:00";5
"2017-09-20 00:00:00";5
"2017-09-21 00:00:00";5
"2017-09-22 00:00:00";5
"2017-09-23 00:00:00";1
"2017-09-24 00:00:00";1
"2017-09-25 00:00:00";5
"2017-09-26 00:00:00";9
"2017-09-27 00:00:00";8
"2017-09-28 00:00:00";8
"2017-09-29 00:00:00";7
"2017-09-30 00:00:00";
"2017-10-01 00:00:00";
"2017-10-02 00:00:00";9
"2017-10-03 00:00:00";5
"2017-10-04 00:00:00";5
"2017-10-05 00:00:00";7
"2017-10-06 00:00:00";5
"2017-10-07 00:00:00";
"2017-10-08 00:00:00";
"2017-10-09 00:00:00";
"2017-10-10 00:00:00";6
"2017-10-11 00:00:00";8
"2017-10-12 00:00:00";8
"2017-10-13 00:00:00";9
"2017-10-14 00:00:00";1
"2017-10-15 00:00:00";1
"2017-10-16 00:00:00";7
"2017-10-17 00:00:00";7
"2017-10-18 00:00:00";9
"2017-10-19 00:00:00";8
"2017-10-20 00:00:00";8
"2017-10-21 00:00:00";
"2017-10-22 00:00:00";1
"2017-10-23 00:00:00";8
"2017-10-24 00:00:00";7
"2017-10-25 00:00:00";9
"2017-10-26 00:00:00";7
"2017-10-27 00:00:00";8
"2017-10-28 00:00:00";3
"2017-10-29 00:00:00";4
"2017-10-30 00:00:00";8
"2017-10-31 00:00:00";9
"2017-11-01 00:00:00";5
"2017-11-02 00:00:00";10
"2017-11-03 00:00:00";1
"2017-11-04 00:00:00";
"2017-11-05 00:00:00";
"2017-11-06 00:00:00";7
"2017-11-07 00:00:00";7
"2017-11-08 00:00:00";8
"2017-11-09 00:00:00";9
"2017-11-10 00:00:00";6
"2017-11-11 00:00:00";
"2017-11-12 00:00:00";
"2017-11-13 00:00:00";4
"2017-11-14 00:00:00";6
"2017-11-15 00:00:00";5
"2017-11-16 00:00:00";5
"2017-11-17 00:00:00";5
"2017-11-18 00:00:00";
"2017-11-19 00:00:00";
"2017-11-20 00:00:00";4
"2017-11-21 00:00:00";4
"2017-11-22 00:00:00";4
"2017-11-23 00:00:00";1
"2017-11-24 00:00:00";4
"2017-11-25 00:00:00";
"2017-11-26 00:00:00";
"2017-11-27 00:00:00";5
"2017-11-28 00:00:00";5
"2017-11-29 00:00:00";3
"2017-11-30 00:00:00";3
"2017-12-01 00:00:00";5
"2017-12-02 00:00:00";
"2017-12-03 00:00:00";1
"2017-12-04 00:00:00";6
"2017-12-05 00:00:00";5
"2017-12-06 00:00:00";5
"2017-12-07 00:00:00";4
"2017-12-08 00:00:00";4
"2017-12-09 00:00:00";3
"2017-12-10 00:00:00";3
"2017-12-11 00:00:00";6
"2017-12-12 00:00:00";4
"2017-12-13 00:00:00";2
"2017-12-14 00:00:00";4
"2017-12-15 00:00:00";3
"2017-12-16 00:00:00";
"2017-12-17 00:00:00";
"2017-12-18 00:00:00";4
"2017-12-19 00:00:00";4
"2017-12-20 00:00:00";3
"2017-12-21 00:00:00";5
"2017-12-22 00:00:00";7
"2017-12-23 00:00:00";
"2017-12-24 00:00:00";
"2017-12-25 00:00:00";3
"2017-12-26 00:00:00";3
"2017-12-27 00:00:00";
"2017-12-28 00:00:00";1
"2017-12-29 00:00:00";
"2017-12-30 00:00:00";
"2017-12-31 00:00:00";
"2018-01-01 00:00:00";
"2018-01-02 00:00:00";
"2018-01-03 00:00:00";
"2018-01-04 00:00:00";1
"2018-01-05 00:00:00";2
"2018-01-06 00:00:00";
"2018-01-07 00:00:00";
"2018-01-08 00:00:00";
"2018-01-09 00:00:00";3
"2018-01-10 00:00:00";5
"2018-01-11 00:00:00";3
"2018-01-12 00:00:00";5
"2018-01-13 00:00:00";
"2018-01-14 00:00:00";
"2018-01-15 00:00:00";6
"2018-01-16 00:00:00";5
"2018-01-17 00:00:00";4
"2018-01-18 00:00:00";4
"2018-01-19 00:00:00";4
"2018-01-20 00:00:00";
"2018-01-21 00:00:00";
"2018-01-22 00:00:00";5
"2018-01-23 00:00:00";5
"2018-01-24 00:00:00";5
"2018-01-25 00:00:00";5
"2018-01-26 00:00:00";5
"2018-01-27 00:00:00";1
"2018-01-28 00:00:00";1
"2018-01-29 00:00:00";5
"2018-01-30 00:00:00";7
"2018-01-31 00:00:00";5
"2018-02-01 00:00:00";4
"2018-02-02 00:00:00";4
"2018-02-03 00:00:00";
"2018-02-04 00:00:00";
"2018-02-05 00:00:00";6
"2018-02-06 00:00:00";5
"2018-02-07 00:00:00";4
"2018-02-08 00:00:00";6
"2018-02-09 00:00:00";6
"2018-02-10 00:00:00";1
"2018-02-11 00:00:00";1
"2018-02-12 00:00:00";2
"2018-02-13 00:00:00";5
"2018-02-14 00:00:00";6
"2018-02-15 00:00:00";5
"2018-02-16 00:00:00";6
"2018-02-17 00:00:00";1
"2018-02-18 00:00:00";
"2018-02-19 00:00:00";5
"2018-02-20 00:00:00";11
"2018-02-21 00:00:00";
"2018-02-22 00:00:00";
"2018-02-23 00:00:00";
"2018-02-24 00:00:00";
"2018-02-25 00:00:00";
"2018-02-26 00:00:00";
"2018-02-27 00:00:00";
"2018-02-28 00:00:00";
"2018-03-01 00:00:00";
"2018-03-02 00:00:00";
"2018-03-03 00:00:00";
"2018-03-04 00:00:00";
"2018-03-05 00:00:00";
"2018-03-06 00:00:00";
"2018-03-07 00:00:00";
"2018-03-08 00:00:00";
"2018-03-09 00:00:00";
"2018-03-10 00:00:00";
"2018-03-11 00:00:00";
"2018-03-12 00:00:00";
"2018-03-13 00:00:00";
"2018-03-14 00:00:00";
"2018-03-15 00:00:00";
"2018-03-16 00:00:00";
"2018-03-17 00:00:00";
"2018-03-18 00:00:00";
"2018-03-19 00:00:00";
"2018-03-20 00:00:00";
"2018-03-21 00:00:00";
"2018-03-22 00:00:00";
"2018-03-23 00:00:00";
"2018-03-24 00:00:00";
"2018-03-25 00:00:00";
"2018-03-26 00:00:00";
"2018-03-27 00:00:00";
"2018-03-28 00:00:00";
"2018-03-29 00:00:00";
"2018-03-30 00:00:00";
"2018-03-31 00:00:00";
"2018-04-01 00:00:00";
"2018-04-02 00:00:00";
"2018-04-03 00:00:00";
"2018-04-04 00:00:00";
"2018-04-05 00:00:00";
"2018-04-06 00:00:00";
"2018-04-07 00:00:00";
"2018-04-08 00:00:00";
"2018-04-09 00:00:00";
"2018-04-10 00:00:00";
"2018-04-11 00:00:00";
"2018-04-12 00:00:00";
"2018-04-13 00:00:00";
"2018-04-14 00:00:00";
"2018-04-15 00:00:00";
"2018-04-16 00:00:00";
"2018-04-17 00:00:00";
"2018-04-18 00:00:00";
"2018-04-19 00:00:00";
"2018-04-20 00:00:00";
"2018-04-21 00:00:00";
"2018-04-22 00:00:00";
"2018-04-23 00:00:00";
"2018-04-24 00:00:00";
"2018-04-25 00:00:00";
"2018-04-26 00:00:00";
"2018-04-27 00:00:00";
"2018-04-28 00:00:00";
"2018-04-29 00:00:00";
"2018-04-30 00:00:00";
"2018-05-01 00:00:00";
"2018-05-02 00:00:00";
"2018-05-03 00:00:00";
"2018-05-04 00:00:00";
"2018-05-05 00:00:00";
"2018-05-06 00:00:00";
"2018-05-07 00:00:00";
"2018-05-08 00:00:00";
"2018-05-09 00:00:00";
"2018-05-10 00:00:00";
"2018-05-11 00:00:00";
"2018-05-12 00:00:00";
"2018-05-13 00:00:00";
"2018-05-14 00:00:00";
"2018-05-15 00:00:00";
"2018-05-16 00:00:00";
"2018-05-17 00:00:00";
"2018-05-18 00:00:00";
"2018-05-19 00:00:00";
"2018-05-20 00:00:00";
"2018-05-21 00:00:00";
"2018-05-22 00:00:00";
"2018-05-23 00:00:00";
"2018-05-24 00:00:00";
"2018-05-25 00:00:00";
"2018-05-26 00:00:00";
"2018-05-27 00:00:00";
"2018-05-28 00:00:00";
"2018-05-29 00:00:00";
"2018-05-30 00:00:00";
"2018-05-31 00:00:00";
"2018-06-01 00:00:00";
"2018-06-02 00:00:00";
"2018-06-03 00:00:00";
"2018-06-04 00:00:00";
"2018-06-05 00:00:00";
"2018-06-06 00:00:00";
"2018-06-07 00:00:00";
"2018-06-08 00:00:00";
"2018-06-09 00:00:00";
"2018-06-10 00:00:00";
"2018-06-11 00:00:00";
"2018-06-12 00:00:00";
"2018-06-13 00:00:00";
"2018-06-14 00:00:00";
"2018-06-15 00:00:00";
"2018-06-16 00:00:00";
"2018-06-17 00:00:00";
"2018-06-18 00:00:00";
"2018-06-19 00:00:00";
"2018-06-20 00:00:00";
"2018-06-21 00:00:00";
"2018-06-22 00:00:00";
"2018-06-23 00:00:00";
"2018-06-24 00:00:00";
"2018-06-25 00:00:00";
"2018-06-26 00:00:00";
"2018-06-27 00:00:00";
"2018-06-28 00:00:00";
"2018-06-29 00:00:00";
"2018-06-30 00:00:00";
"2018-07-01 00:00:00";
"2018-07-02 00:00:00";
"2018-07-03 00:00:00";
"2018-07-04 00:00:00";
"2018-07-05 00:00:00";
"2018-07-06 00:00:00";
"2018-07-07 00:00:00";
"2018-07-08 00:00:00";
"2018-07-09 00:00:00";
"2018-07-10 00:00:00";
"2018-07-11 00:00:00";
"2018-07-12 00:00:00";
"2018-07-13 00:00:00";
"2018-07-14 00:00:00";
"2018-07-15 00:00:00";
"2018-07-16 00:00:00";
"2018-07-17 00:00:00";
"2018-07-18 00:00:00";
"2018-07-19 00:00:00";
"2018-07-20 00:00:00";
"2018-07-21 00:00:00";
"2018-07-22 00:00:00";
"2018-07-23 00:00:00";
"2018-07-24 00:00:00";
"2018-07-25 00:00:00";
"2018-07-26 00:00:00";
"2018-07-27 00:00:00";
"2018-07-28 00:00:00";
"2018-07-29 00:00:00";
"2018-07-30 00:00:00";
"2018-07-31 00:00:00";
"2018-08-01 00:00:00";
"2018-08-02 00:00:00";
"2018-08-03 00:00:00";
"2018-08-04 00:00:00";
"2018-08-05 00:00:00";
"2018-08-06 00:00:00";
"2018-08-07 00:00:00";
"2018-08-08 00:00:00";
"2018-08-09 00:00:00";240872
"2018-08-10 00:00:00";289952
"2018-08-11 00:00:00";318440
"2018-08-12 00:00:00";334684
"2018-08-13 00:00:00";320909
"2018-08-14 00:00:00";316020
"2018-08-15 00:00:00";317607
"2018-08-16 00:00:00";298697
"2018-08-17 00:00:00";291192
"2018-08-18 00:00:00";308606
"2018-08-19 00:00:00";307985
"2018-08-20 00:00:00";273255
"2018-08-21 00:00:00";263038
"2018-08-22 00:00:00";249687
"2018-08-23 00:00:00";262726
"2018-08-24 00:00:00";266711
"2018-08-25 00:00:00";279116
"2018-08-26 00:00:00";276164
"2018-08-27 00:00:00";246957
"2018-08-28 00:00:00";236542
"2018-08-29 00:00:00";226487
"2018-08-30 00:00:00";219524
"2018-08-31 00:00:00";219034
"2018-09-01 00:00:00";231448
"2018-09-02 00:00:00";229337
"2018-09-03 00:00:00";205412
"2018-09-04 00:00:00";193102
"2018-09-05 00:00:00";184411
"2018-09-06 00:00:00";212901
"2018-09-07 00:00:00";203540
"2018-09-08 00:00:00";213778
"2018-09-09 00:00:00";204645
"2018-09-10 00:00:00";176369
"2018-09-11 00:00:00";170452
"2018-09-12 00:00:00";162885
"2018-09-13 00:00:00";157923
"2018-09-14 00:00:00";161502
"2018-09-15 00:00:00";166982
"2018-09-16 00:00:00";160239
"2018-09-17 00:00:00";135011
"2018-09-18 00:00:00";129060
"2018-09-19 00:00:00";124025
"2018-09-20 00:00:00";119436
"2018-09-21 00:00:00";132048
"2018-09-22 00:00:00";128598
"2018-09-23 00:00:00";125912
"2018-09-24 00:00:00";105539
"2018-09-25 00:00:00";105906
"2018-09-26 00:00:00";101263
"2018-09-27 00:00:00";98332
"2018-09-28 00:00:00";100650
"2018-09-29 00:00:00";107440
"2018-09-30 00:00:00";104046
"2018-10-01 00:00:00";87237
"2018-10-02 00:00:00";84363
"2018-10-03 00:00:00";82697
"2018-10-04 00:00:00";80762
"2018-10-05 00:00:00";122588
"2018-10-06 00:00:00";120506
"2018-10-07 00:00:00";114646
"2018-10-08 00:00:00";101778
"2018-10-09 00:00:00";95751
"2018-10-10 00:00:00";88576
"2018-10-11 00:00:00";85054
"2018-10-12 00:00:00";89992
"2018-10-13 00:00:00";93228
"2018-10-14 00:00:00";82251
"2018-10-15 00:00:00";73954
"2018-10-16 00:00:00";71358
"2018-10-17 00:00:00";67006
"2018-10-18 00:00:00";68342
"2018-10-19 00:00:00";75560
"2018-10-20 00:00:00";74404
"2018-10-21 00:00:00";68385
"2018-10-22 00:00:00";59415
"2018-10-23 00:00:00";57197
"2018-10-24 00:00:00";54715
"2018-10-25 00:00:00";52809
"2018-10-26 00:00:00";54611
"2018-10-27 00:00:00";56892
"2018-10-28 00:00:00";53145
"2018-10-29 00:00:00";46400
"2018-10-30 00:00:00";44894
"2018-10-31 00:00:00";51300
"2018-11-01 00:00:00";52334
"2018-11-02 00:00:00";122565
"2018-11-03 00:00:00";107612
"2018-11-04 00:00:00";95955
"2018-11-05 00:00:00";79920
"2018-11-06 00:00:00";73063
"2018-11-07 00:00:00";64726
"2018-11-08 00:00:00";60277
"2018-11-09 00:00:00";59263
"2018-11-10 00:00:00";61493
"2018-11-11 00:00:00";54562
"2018-11-12 00:00:00";47688
"2018-11-13 00:00:00";46535
"2018-11-14 00:00:00";45110
"2018-11-15 00:00:00";43282
"2018-11-16 00:00:00";60365
"2018-11-17 00:00:00";57294
"2018-11-18 00:00:00";51704
"2018-11-19 00:00:00";43652
"2018-11-20 00:00:00";40884
"2018-11-21 00:00:00";41220
"2018-11-22 00:00:00";70379
"2018-11-23 00:00:00";64115
"2018-11-24 00:00:00";65946
"2018-11-25 00:00:00";63057
"2018-11-26 00:00:00";55090
"2018-11-27 00:00:00";53860
"2018-11-28 00:00:00";53302
"2018-11-29 00:00:00";51687
"2018-11-30 00:00:00";79051
"2018-12-01 00:00:00";76826
"2018-12-02 00:00:00";71226
"2018-12-03 00:00:00";60492
"2018-12-04 00:00:00";57846
"2018-12-05 00:00:00";54307
"2018-12-06 00:00:00";53858
"2018-12-07 00:00:00";54965
"2018-12-08 00:00:00";59585
"2018-12-09 00:00:00";56848
"2018-12-10 00:00:00";49599
"2018-12-11 00:00:00";52550
"2018-12-12 00:00:00";50475
"2018-12-13 00:00:00";49539
"2018-12-14 00:00:00";64385
"2018-12-15 00:00:00";63955
"2018-12-16 00:00:00";61070
"2018-12-17 00:00:00";52696
"2018-12-18 00:00:00";47654
"2018-12-19 00:00:00";45516
"2018-12-20 00:00:00";45489
"2018-12-21 00:00:00";93807
"2018-12-22 00:00:00";88027
"2018-12-23 00:00:00";83449
"2018-12-24 00:00:00";77168
"2018-12-25 00:00:00";72039
"2018-12-26 00:00:00";74830
"2018-12-27 00:00:00";73653
"2018-12-28 00:00:00";74903
"2018-12-29 00:00:00";76141
"2018-12-30 00:00:00";75200
"2018-12-31 00:00:00";65359
"2019-01-01 00:00:00";68428
"2019-01-02 00:00:00";68731
"2019-01-03 00:00:00";68812
"2019-01-04 00:00:00";97343
"2019-01-05 00:00:00";95520
"2019-01-06 00:00:00";86085
"2019-01-07 00:00:00";74593
"2019-01-08 00:00:00";70744
"2019-01-09 00:00:00";67649
"2019-01-10 00:00:00";67288
"2019-01-11 00:00:00";63220
"2019-01-12 00:00:00";68826
"2019-01-13 00:00:00";65988
"2019-01-14 00:00:00";54237
"2019-01-15 00:00:00";52914
"2019-01-16 00:00:00";51325
"2019-01-17 00:00:00";50992
"2019-01-18 00:00:00";62100
"2019-01-19 00:00:00";65447
"2019-01-20 00:00:00";63217
"2019-01-21 00:00:00";51343
"2019-01-22 00:00:00";52921
"2019-01-23 00:00:00";54341
"2019-01-24 00:00:00";52630
"2019-01-25 00:00:00";53559
"2019-01-26 00:00:00";94397
"2019-01-27 00:00:00";89874
"2019-01-28 00:00:00";75045
"2019-01-29 00:00:00";67345
"2019-01-30 00:00:00";65191
"2019-01-31 00:00:00";60648
"2019-02-01 00:00:00";59440
"2019-02-02 00:00:00";62572
"2019-02-03 00:00:00";61721
"2019-02-04 00:00:00";45109
"2019-02-05 00:00:00";47566
"2019-02-06 00:00:00";48389
"2019-02-07 00:00:00";48333
"2019-02-08 00:00:00";54136
"2019-02-09 00:00:00";60941
"2019-02-10 00:00:00";62495
"2019-02-11 00:00:00";54202
"2019-02-12 00:00:00";53445
"2019-02-13 00:00:00";51505
"2019-02-14 00:00:00";47471
"2019-02-15 00:00:00";48886
"2019-02-16 00:00:00";52745
"2019-02-17 00:00:00";52206
"2019-02-18 00:00:00";46119
"2019-02-19 00:00:00";44199
"2019-02-20 00:00:00";43668
"2019-02-21 00:00:00";44053
"2019-02-22 00:00:00";45293
"2019-02-23 00:00:00";46045
"2019-02-24 00:00:00";42261
"2019-02-25 00:00:00";36574
"2019-02-26 00:00:00";35072
"2019-02-27 00:00:00";34224
"2019-02-28 00:00:00";34021
"2019-03-01 00:00:00";36315
"2019-03-02 00:00:00";38457
"2019-03-03 00:00:00";35912
"2019-03-04 00:00:00";31351
"2019-03-05 00:00:00";31307
"2019-03-06 00:00:00";30741
"2019-03-07 00:00:00";30306
"2019-03-08 00:00:00";35740
"2019-03-09 00:00:00";37516
"2019-03-10 00:00:00";34115
"2019-03-11 00:00:00";28926
"2019-03-12 00:00:00";28116
"2019-03-13 00:00:00";27912
"2019-03-14 00:00:00";27499
"2019-03-15 00:00:00";36936
"2019-03-16 00:00:00";38254
"2019-03-17 00:00:00";35174
"2019-03-18 00:00:00";29754
"2019-03-19 00:00:00";28964
"2019-03-20 00:00:00";27808
"2019-03-21 00:00:00";28220
"2019-03-22 00:00:00";33718
"2019-03-23 00:00:00";32913
"2019-03-24 00:00:00";29390
"2019-03-25 00:00:00";24018
"2019-03-26 00:00:00";23847
"2019-03-27 00:00:00";23499
"2019-03-28 00:00:00";23229
"2019-03-29 00:00:00";23865
"2019-03-30 00:00:00";25640
"2019-03-31 00:00:00";24194
"2019-04-01 00:00:00";20380
"2019-04-02 00:00:00";20399
"2019-04-03 00:00:00";20337
"2019-04-04 00:00:00";25121
"2019-04-05 00:00:00";37056
"2019-04-06 00:00:00";36674
"2019-04-07 00:00:00";38070
"2019-04-08 00:00:00";33757
"2019-04-09 00:00:00";34417
"2019-04-10 00:00:00";32781
"2019-04-11 00:00:00";32409
"2019-04-12 00:00:00";34915
"2019-04-13 00:00:00";37362
"2019-04-14 00:00:00";35114
"2019-04-15 00:00:00";30674
"2019-04-16 00:00:00";30065
"2019-04-17 00:00:00";28619
"2019-04-18 00:00:00";29139
"2019-04-19 00:00:00";51707
"2019-04-20 00:00:00";48689
"2019-04-21 00:00:00";43383
"2019-04-22 00:00:00";41037
"2019-04-23 00:00:00";35768
"2019-04-24 00:00:00";32665
"2019-04-25 00:00:00";32800
"2019-04-26 00:00:00";49794
"2019-04-27 00:00:00";51871
"2019-04-28 00:00:00";51942
"2019-04-29 00:00:00";45792
"2019-04-30 00:00:00";46130
"2019-05-01 00:00:00";46198
"2019-05-02 00:00:00";41039
"2019-05-03 00:00:00";45899
"2019-05-04 00:00:00";48400
"2019-05-05 00:00:00";49323
"2019-05-06 00:00:00";41555
"2019-05-07 00:00:00";40384
"2019-05-08 00:00:00";40852
"2019-05-09 00:00:00";52616
"2019-05-10 00:00:00";54453
"2019-05-11 00:00:00";59550
"2019-05-12 00:00:00";57132
"2019-05-13 00:00:00";47823
"2019-05-14 00:00:00";48033
"2019-05-15 00:00:00";47078
"2019-05-16 00:00:00";46700
"2019-05-17 00:00:00";52765
"2019-05-18 00:00:00";52482
"2019-05-19 00:00:00";47390
"2019-05-20 00:00:00";37826
"2019-05-21 00:00:00";36307
"2019-05-22 00:00:00";34312
"2019-05-23 00:00:00";32411
"2019-05-24 00:00:00";34483
"2019-05-25 00:00:00";37732
"2019-05-26 00:00:00";35454
"2019-05-27 00:00:00";31133
"2019-05-28 00:00:00";30487
"2019-05-29 00:00:00";30526
"2019-05-30 00:00:00";34023
"2019-05-31 00:00:00";39419
"2019-06-01 00:00:00";41438
"2019-06-02 00:00:00";39985
"2019-06-03 00:00:00";34377
"2019-06-04 00:00:00";33729
"2019-06-05 00:00:00";36256
"2019-06-06 00:00:00";36724
"2019-06-07 00:00:00";44992
"2019-06-08 00:00:00";45036
"2019-06-09 00:00:00";42960
"2019-06-10 00:00:00";38863
"2019-06-11 00:00:00";34851
"2019-06-12 00:00:00";33920
"2019-06-13 00:00:00";33184
"2019-06-14 00:00:00";34594
"2019-06-15 00:00:00";37913
"2019-06-16 00:00:00";36210
"2019-06-17 00:00:00";31047
"2019-06-18 00:00:00";29982
"2019-06-19 00:00:00";29965
"2019-06-20 00:00:00";31366
"2019-06-21 00:00:00";36438
"2019-06-22 00:00:00";39574
"2019-06-23 00:00:00";38389
"2019-06-24 00:00:00";32601
"2019-06-25 00:00:00";32650
"2019-06-26 00:00:00";41827
"2019-06-27 00:00:00";47269
"2019-06-28 00:00:00";51308
"2019-06-29 00:00:00";58116
"2019-06-30 00:00:00";59400
"2019-07-01 00:00:00";60198
"2019-07-02 00:00:00";61740
"2019-07-03 00:00:00";62860
"2019-07-04 00:00:00";64361
"2019-07-05 00:00:00";68446
"2019-07-06 00:00:00";72684
"2019-07-07 00:00:00";72353
"2019-07-08 00:00:00";68556
"2019-07-09 00:00:00";70776
"2019-07-10 00:00:00";68905
"2019-07-11 00:00:00";68367
"2019-07-12 00:00:00";72677
"2019-07-13 00:00:00";74119
"2019-07-14 00:00:00";73941
"2019-07-15 00:00:00";67556
"2019-07-16 00:00:00";66160
"2019-07-17 00:00:00";63641
"2019-07-18 00:00:00";63353
"2019-07-19 00:00:00";65645
"2019-07-20 00:00:00";68872
"2019-07-21 00:00:00";66311
"2019-07-22 00:00:00";61835
"2019-07-23 00:00:00";59349
"2019-07-24 00:00:00";57922
"2019-07-25 00:00:00";58440
"2019-07-26 00:00:00";91108
"2019-07-27 00:00:00";89350
"2019-07-28 00:00:00";85691
"2019-07-29 00:00:00";79987
"2019-07-30 00:00:00";75733
"2019-07-31 00:00:00";72636
"2019-08-01 00:00:00";69724
"2019-08-02 00:00:00";71241
"2019-08-03 00:00:00";72860
"2019-08-04 00:00:00";70863
"2019-08-05 00:00:00";65103
"2019-08-06 00:00:00";63041
"2019-08-07 00:00:00";60333
"2019-08-08 00:00:00";61533
"2019-08-09 00:00:00";62661
"2019-08-10 00:00:00";67588
"2019-08-11 00:00:00";70782
"2019-08-12 00:00:00";67683
"2019-08-13 00:00:00";69370
"2019-08-14 00:00:00";69115
"2019-08-15 00:00:00";68513
"2019-08-16 00:00:00";67765
"2019-08-17 00:00:00";69855
"2019-08-18 00:00:00";68633
"2019-08-19 00:00:00";62744
"2019-08-20 00:00:00";60925
"2019-08-21 00:00:00";62042
"2019-08-22 00:00:00";61097
"2019-08-23 00:00:00";65063
"2019-08-24 00:00:00";70454
"2019-08-25 00:00:00";69449
"2019-08-26 00:00:00";64053
"2019-08-27 00:00:00";60278
"2019-08-28 00:00:00";61301
"2019-08-29 00:00:00";59297
"2019-08-30 00:00:00";51713
"2019-08-31 00:00:00";53849
"2019-09-01 00:00:00";51570
"2019-09-02 00:00:00";47257
"2019-09-03 00:00:00";46424
"2019-09-04 00:00:00";45896
"2019-09-05 00:00:00";45811
"2019-09-06 00:00:00";53664
"2019-09-07 00:00:00";61823
"2019-09-08 00:00:00";62162
"2019-09-09 00:00:00";56060
"2019-09-10 00:00:00";57542
"2019-09-11 00:00:00";58242
"2019-09-12 00:00:00";62302
"2019-09-13 00:00:00";67639
"2019-09-14 00:00:00";78848
"2019-09-15 00:00:00";83542
"2019-09-16 00:00:00";80173
"2019-09-17 00:00:00";82129
"2019-09-18 00:00:00";82813
"2019-09-19 00:00:00";85069
"2019-09-20 00:00:00";93183
"2019-09-21 00:00:00";98197
"2019-09-22 00:00:00";94776
"2019-09-23 00:00:00";83840
"2019-09-24 00:00:00";81430
"2019-09-25 00:00:00";77767
"2019-09-26 00:00:00";76444
"2019-09-27 00:00:00";91009
"2019-09-28 00:00:00";89972
"2019-09-29 00:00:00";87100
"2019-09-30 00:00:00";76348
"2019-10-01 00:00:00";70227
"2019-10-02 00:00:00";66972
"2019-10-03 00:00:00";67785
"2019-10-04 00:00:00";63813
"2019-10-05 00:00:00";67284
"2019-10-06 00:00:00";66643
"2019-10-07 00:00:00";57328
"2019-10-08 00:00:00";58670
"2019-10-09 00:00:00";57492
"2019-10-10 00:00:00";57005
"2019-10-11 00:00:00";62485
"2019-10-12 00:00:00";65806
"2019-10-13 00:00:00";61629
"2019-10-14 00:00:00";54635
"2019-10-15 00:00:00";51093
"2019-10-16 00:00:00";50116
"2019-10-17 00:00:00";49753
"2019-10-18 00:00:00";74824
"2019-10-19 00:00:00";74611
"2019-10-20 00:00:00";69642
"2019-10-21 00:00:00";61468
"2019-10-22 00:00:00";58741
"2019-10-23 00:00:00";54954
"2019-10-24 00:00:00";52861
"2019-10-25 00:00:00";55080
"2019-10-26 00:00:00";62871
"2019-10-27 00:00:00";62713
"2019-10-28 00:00:00";60696
"2019-10-29 00:00:00";57367
"2019-10-30 00:00:00";59258
"2019-10-31 00:00:00";60716
"2019-11-01 00:00:00";60377
"2019-11-02 00:00:00";59648
"2019-11-03 00:00:00";55798
"2019-11-04 00:00:00";52981
"2019-11-05 00:00:00";51549
"2019-11-06 00:00:00";50467
"2019-11-07 00:00:00";48754
"2019-11-08 00:00:00";51610
"2019-11-09 00:00:00";54451
"2019-11-10 00:00:00";43046
"2019-11-11 00:00:00";43390
"2019-11-12 00:00:00";42012
"2019-11-13 00:00:00";41303
"2019-11-14 00:00:00";40245
"2019-11-15 00:00:00";42783
"2019-11-16 00:00:00";44546
"2019-11-17 00:00:00";41777
"2019-11-18 00:00:00";37291
"2019-11-19 00:00:00";35736
"2019-11-20 00:00:00";35209
"2019-11-21 00:00:00";34502
"2019-11-22 00:00:00";39437
"2019-11-23 00:00:00";41376
"2019-11-24 00:00:00";39608
"2019-11-25 00:00:00";35293
"2019-11-26 00:00:00";34247
"2019-11-27 00:00:00";35756
"2019-11-28 00:00:00";37946
"2019-11-29 00:00:00";58004
"2019-11-30 00:00:00";61093
"2019-12-01 00:00:00";60566
"2019-12-02 00:00:00";56260
"2019-12-03 00:00:00";57304
"2019-12-04 00:00:00";55414
"2019-12-05 00:00:00";55188
"2019-12-06 00:00:00";64934
"2019-12-07 00:00:00";67802
"2019-12-08 00:00:00";63152
"2019-12-09 00:00:00";56638
"2019-12-10 00:00:00";55381
"2019-12-11 00:00:00";51106
"2019-12-12 00:00:00";47113
"2019-12-13 00:00:00";51623
"2019-12-14 00:00:00";56421
"2019-12-15 00:00:00";53841
"2019-12-16 00:00:00";48122
"2019-12-17 00:00:00";46816
"2019-12-18 00:00:00";44748
"2019-12-19 00:00:00";43957
"2019-12-20 00:00:00";50208
"2019-12-21 00:00:00";55668
"2019-12-22 00:00:00";58863
"2019-12-23 00:00:00";58515
"2019-12-24 00:00:00";57765
"2019-12-25 00:00:00";58485
"2019-12-26 00:00:00";61686
"2019-12-27 00:00:00";66691
"2019-12-28 00:00:00";69697
"2019-12-29 00:00:00";69511
"2019-12-30 00:00:00";68685
"2019-12-31 00:00:00";64922
"2020-01-01 00:00:00";67925
"2020-01-02 00:00:00";70810
"2020-01-03 00:00:00";71218
"2020-01-04 00:00:00";72595
"2020-01-05 00:00:00";69423
"2020-01-06 00:00:00";63854
"2020-01-07 00:00:00";62381
"2020-01-08 00:00:00";63606
"2020-01-09 00:00:00";101350
"2020-01-10 00:00:00";232598
"2020-01-11 00:00:00";274114
"2020-01-12 00:00:00";284524
"2020-01-13 00:00:00";250113
"2020-01-14 00:00:00";241828
"2020-01-15 00:00:00";233438
"2020-01-16 00:00:00";215939
"2020-01-17 00:00:00";219524
"2020-01-18 00:00:00";237784
"2020-01-19 00:00:00";237494
"2020-01-20 00:00:00";202450
"2020-01-21 00:00:00";194057
"2020-01-22 00:00:00";185431
"2020-01-23 00:00:00";178578
"2020-01-24 00:00:00";185441
"2020-01-25 00:00:00";217164
"2020-01-26 00:00:00";227398
"2020-01-27 00:00:00";206565
"2020-01-28 00:00:00";209476
"2020-01-29 00:00:00";207812
"2020-01-30 00:00:00";204878
"2020-01-31 00:00:00";206373
"2020-02-01 00:00:00";224116
"2020-02-02 00:00:00";225235
"2020-02-03 00:00:00";197388
"2020-02-04 00:00:00";191504
"2020-02-05 00:00:00";190134
"2020-02-06 00:00:00";222799
"2020-02-07 00:00:00";212030
"2020-02-08 00:00:00";221567
"2020-02-09 00:00:00";218278
"2020-02-10 00:00:00";188946
"2020-02-11 00:00:00";181501
"2020-02-12 00:00:00";174021
"2020-02-13 00:00:00";180705
"2020-02-14 00:00:00";169802
"2020-02-15 00:00:00";187052
"2020-02-16 00:00:00";188261
"2020-02-17 00:00:00";168889
"2020-02-18 00:00:00";161456
"2020-02-19 00:00:00";154258
"2020-02-20 00:00:00";145633
"2020-02-21 00:00:00";152605
"2020-02-22 00:00:00";161200
"2020-02-23 00:00:00";158404
"2020-02-24 00:00:00";141340
"2020-02-25 00:00:00";135773
"2020-02-26 00:00:00";131086
"2020-02-27 00:00:00";126145
"2020-02-28 00:00:00";166220
"2020-02-29 00:00:00";164297
"2020-03-01 00:00:00";155780
"2020-03-02 00:00:00";137520
"2020-03-03 00:00:00";132257
"2020-03-04 00:00:00";128078
"2020-03-05 00:00:00";123298
"2020-03-06 00:00:00";125266
"2020-03-07 00:00:00";132794
"2020-03-08 00:00:00";127974
"2020-03-09 00:00:00";112697
"2020-03-10 00:00:00";111745
"2020-03-11 00:00:00";107483
"2020-03-12 00:00:00";149477
"2020-03-13 00:00:00";134799
"2020-03-14 00:00:00";131574
"2020-03-15 00:00:00";123044
"2020-03-16 00:00:00";108458
"2020-03-17 00:00:00";104371
"2020-03-18 00:00:00";102006
"2020-03-19 00:00:00";103372
"2020-03-20 00:00:00";219730
"2020-03-21 00:00:00";205296
"2020-03-22 00:00:00";189899
"2020-03-23 00:00:00";166259
"2020-03-24 00:00:00";154125
"2020-03-25 00:00:00";144309
"2020-03-26 00:00:00";138000
"2020-03-27 00:00:00";142219
"2020-03-28 00:00:00";146795
"2020-03-29 00:00:00";140038
"2020-03-30 00:00:00";126334
"2020-03-31 00:00:00";120934
"2020-04-01 00:00:00";113459
"2020-04-02 00:00:00";111354
"2020-04-03 00:00:00";113225
"2020-04-04 00:00:00";143037
"2020-04-05 00:00:00";113925
"2020-04-06 00:00:00";103450
"2020-04-07 00:00:00";100154
"2020-04-08 00:00:00";96939
"2020-04-09 00:00:00";144420
"2020-04-10 00:00:00";150258
"2020-04-11 00:00:00";142522
"2020-04-12 00:00:00";129522
"2020-04-13 00:00:00";122439
"2020-04-14 00:00:00";114511
"2020-04-15 00:00:00";108037
"2020-04-16 00:00:00";101572
"2020-04-17 00:00:00";100827
"2020-04-18 00:00:00";106077
"2020-04-19 00:00:00";99845
"2020-04-20 00:00:00";90256
"2020-04-21 00:00:00";90161
"2020-04-22 00:00:00";91953
"2020-04-23 00:00:00";135041
"2020-04-24 00:00:00";122598
"2020-04-25 00:00:00";117349
"2020-04-26 00:00:00";109683
"2020-04-27 00:00:00";96574
"2020-04-28 00:00:00";93077
"2020-04-29 00:00:00";88503
"2020-04-30 00:00:00";87985
"2020-05-01 00:00:00";107426
"2020-05-02 00:00:00";99856
"2020-05-03 00:00:00";99479
"2020-05-04 00:00:00";89960
"2020-05-05 00:00:00";88529
"2020-05-06 00:00:00";86541
"2020-05-07 00:00:00";85360
"2020-05-08 00:00:00";92309
"2020-05-09 00:00:00";95152
"2020-05-10 00:00:00";88807
"2020-05-11 00:00:00";78944
"2020-05-12 00:00:00";76964
"2020-05-13 00:00:00";73229
"2020-05-14 00:00:00";71440
"2020-05-15 00:00:00";71026
"2020-05-16 00:00:00";75581
"2020-05-17 00:00:00";69410
"2020-05-18 00:00:00";60969
"2020-05-19 00:00:00";59864
"2020-05-20 00:00:00";57087
"2020-05-21 00:00:00";58805
"2020-05-22 00:00:00";62430
"2020-05-23 00:00:00";65101
"2020-05-24 00:00:00";61098
"2020-05-25 00:00:00";55862
"2020-05-26 00:00:00";52316
"2020-05-27 00:00:00";51162
"2020-05-28 00:00:00";49058
"2020-05-29 00:00:00";50510
"2020-05-30 00:00:00";54589
"2020-05-31 00:00:00";50669
"2020-06-01 00:00:00";47049
"2020-06-02 00:00:00";43113
"2020-06-03 00:00:00";42157
"2020-06-04 00:00:00";40888
"2020-06-05 00:00:00";47953
"2020-06-06 00:00:00";51506
"2020-06-07 00:00:00";48595
"2020-06-08 00:00:00";42854
"2020-06-09 00:00:00";41957
"2020-06-10 00:00:00";41230
"2020-06-11 00:00:00";41464
"2020-06-12 00:00:00";42054
"2020-06-13 00:00:00";44607
"2020-06-14 00:00:00";43117
"2020-06-15 00:00:00";37627
"2020-06-16 00:00:00";37798
"2020-06-17 00:00:00";37230
"2020-06-18 00:00:00";36038
"2020-06-19 00:00:00";38267
"2020-06-20 00:00:00";39912
"2020-06-21 00:00:00";37684
"2020-06-22 00:00:00";34511
"2020-06-23 00:00:00";33880
"2020-06-24 00:00:00";34970
"2020-06-25 00:00:00";33694
"2020-06-26 00:00:00";38952
"2020-06-27 00:00:00";43261
"2020-06-28 00:00:00";44504
"2020-06-29 00:00:00";42297
"2020-06-30 00:00:00";44825
"2020-07-01 00:00:00";48016
"2020-07-02 00:00:00";51165
"2020-07-03 00:00:00";65137
"2020-07-04 00:00:00";67938
"2020-07-05 00:00:00";68179
"2020-07-06 00:00:00";65749
"2020-07-07 00:00:00";66952
"2020-07-08 00:00:00";69637
"2020-07-09 00:00:00";144376
"2020-07-10 00:00:00";129770
"2020-07-11 00:00:00";122135
"2020-07-12 00:00:00";110914
"2020-07-13 00:00:00";97665
"2020-07-14 00:00:00";91520
"2020-07-15 00:00:00";82782
"2020-07-16 00:00:00";78613
"2020-07-17 00:00:00";83667
"2020-07-18 00:00:00";84885
"2020-07-19 00:00:00";80135
"2020-07-20 00:00:00";70867
"2020-07-21 00:00:00";68019
"2020-07-22 00:00:00";99731
"2020-07-23 00:00:00";87716
"2020-07-24 00:00:00";83000
"2020-07-25 00:00:00";83120
"2020-07-26 00:00:00";79638
"2020-07-27 00:00:00";72246
"2020-07-28 00:00:00";71152
"2020-07-29 00:00:00";68671
"2020-07-30 00:00:00";66096
"2020-07-31 00:00:00";70428
"2020-08-01 00:00:00";73208
"2020-08-02 00:00:00";71859
"2020-08-03 00:00:00";65708
"2020-08-04 00:00:00";66229
"2020-08-05 00:00:00";61402
"2020-08-06 00:00:00";61221
"2020-08-07 00:00:00";74289
"2020-08-08 00:00:00";66343
"2020-08-09 00:00:00";63420
"2020-08-10 00:00:00";58431
"2020-08-11 00:00:00";55320
"2020-08-12 00:00:00";52241
"2020-08-13 00:00:00";52250
"2020-08-14 00:00:00";54695
"2020-08-15 00:00:00";55559
"2020-08-16 00:00:00";54676
"2020-08-17 00:00:00";49614
"2020-08-18 00:00:00";47721
"2020-08-19 00:00:00";46555
"2020-08-20 00:00:00";45070
"2020-08-21 00:00:00";53940
"2020-08-22 00:00:00";56600
"2020-08-23 00:00:00";55835
"2020-08-24 00:00:00";50632
"2020-08-25 00:00:00";48113
"2020-08-26 00:00:00";48097
"2020-08-27 00:00:00";46093
"2020-08-28 00:00:00";54409
"2020-08-29 00:00:00";57887
"2020-08-30 00:00:00";56757
"2020-08-31 00:00:00";51281
"2020-09-01 00:00:00";50129
"2020-09-02 00:00:00";50110
"2020-09-03 00:00:00";48884
"2020-09-04 00:00:00";51729
"2020-09-05 00:00:00";62787
"2020-09-06 00:00:00";61913
"2020-09-07 00:00:00";56682
"2020-09-08 00:00:00";49951
"2020-09-09 00:00:00";48534
"2020-09-10 00:00:00";48509
"2020-09-11 00:00:00";54727
"2020-09-12 00:00:00";57934
"2020-09-13 00:00:00";54771
"2020-09-14 00:00:00";47656
"2020-09-15 00:00:00";43321
"2020-09-16 00:00:00";42535
"2020-09-17 00:00:00";40390
"2020-09-18 00:00:00";46454
"2020-09-19 00:00:00";49785
"2020-09-20 00:00:00";47143
"2020-09-21 00:00:00";41081
"2020-09-22 00:00:00";39985
"2020-09-23 00:00:00";39761
"2020-09-24 00:00:00";37895
"2020-09-25 00:00:00";45853
"2020-09-26 00:00:00";50799
"2020-09-27 00:00:00";52034
"2020-09-28 00:00:00";46599
"2020-09-29 00:00:00";47948
"2020-09-30 00:00:00";49319
"2020-10-01 00:00:00";109591
"2020-10-02 00:00:00";117938
"2020-10-03 00:00:00";123163
"2020-10-04 00:00:00";119292
"2020-10-05 00:00:00";105241
"2020-10-06 00:00:00";101466
"2020-10-07 00:00:00";94692
"2020-10-08 00:00:00";87070
"2020-10-09 00:00:00";89718
"2020-10-10 00:00:00";92907
"2020-10-11 00:00:00";82953
"2020-10-12 00:00:00";70188
"2020-10-13 00:00:00";69485
"2020-10-14 00:00:00";65869
"2020-10-15 00:00:00";63921
"2020-10-16 00:00:00";103238
"2020-10-17 00:00:00";97549
"2020-10-18 00:00:00";91577
"2020-10-19 00:00:00";78128
"2020-10-20 00:00:00";73527
"2020-10-21 00:00:00";70317
"2020-10-22 00:00:00";67995
"2020-10-23 00:00:00";74718
"2020-10-24 00:00:00";75147
"2020-10-25 00:00:00";67170
"2020-10-26 00:00:00";59342
"2020-10-27 00:00:00";56912
"2020-10-28 00:00:00";54354
"2020-10-29 00:00:00";51244
"2020-10-30 00:00:00";55236
"2020-10-31 00:00:00";58175
"2020-11-01 00:00:00";57419
"2020-11-02 00:00:00";51505
"2020-11-03 00:00:00";50361
"2020-11-04 00:00:00";49916
"2020-11-05 00:00:00";48149
"2020-11-06 00:00:00";50056
"2020-11-07 00:00:00";53746
"2020-11-08 00:00:00";50302
"2020-11-09 00:00:00";41683
"2020-11-10 00:00:00";40578
"2020-11-11 00:00:00";38646
"2020-11-12 00:00:00";36721
"2020-11-13 00:00:00";39386
"2020-11-14 00:00:00";43203
"2020-11-15 00:00:00";40502
"2020-11-16 00:00:00";34357
"2020-11-17 00:00:00";33714
"2020-11-18 00:00:00";33367
"2020-11-19 00:00:00";33221
"2020-11-20 00:00:00";41087
"2020-11-21 00:00:00";44668
"2020-11-22 00:00:00";43333
"2020-11-23 00:00:00";36226
"2020-11-24 00:00:00";34729
"2020-11-25 00:00:00";35541
"2020-11-26 00:00:00";38567
"2020-11-27 00:00:00";44383
"2020-11-28 00:00:00";51634
"2020-11-29 00:00:00";52681
"2020-11-30 00:00:00";47748
"2020-12-01 00:00:00";48811
"2020-12-02 00:00:00";48371
"2020-12-03 00:00:00";47923
"2020-12-04 00:00:00";54404
"2020-12-05 00:00:00";56350
"2020-12-06 00:00:00";53699
"2020-12-07 00:00:00";47461
"2020-12-08 00:00:00";44994
"2020-12-09 00:00:00";42431
"2020-12-10 00:00:00";37028
"2020-12-11 00:00:00";39963
"2020-12-12 00:00:00";44324
"2020-12-13 00:00:00";43202
"2020-12-14 00:00:00";39052
"2020-12-15 00:00:00";38676
"2020-12-16 00:00:00";37904
"2020-12-17 00:00:00";37084
"2020-12-18 00:00:00";40727
"2020-12-19 00:00:00";44025
"2020-12-20 00:00:00";42490
"2020-12-21 00:00:00";39962
"2020-12-22 00:00:00";38782
"2020-12-23 00:00:00";39987
"2020-12-24 00:00:00";41804
"2020-12-25 00:00:00";42884
"2020-12-26 00:00:00";48495
"2020-12-27 00:00:00";49928
"2020-12-28 00:00:00";48337
"2020-12-29 00:00:00";49515
"2020-12-30 00:00:00";49451
"2020-12-31 00:00:00";47069
"2021-01-01 00:00:00";51796
"2021-01-02 00:00:00";54777
"2021-01-03 00:00:00";55130
"2021-01-04 00:00:00";50738
"2021-01-05 00:00:00";51496
"2021-01-06 00:00:00";51260
"2021-01-07 00:00:00";49467
"2021-01-08 00:00:00";51376
"2021-01-09 00:00:00";56260
"2021-01-10 00:00:00";56758
"2021-01-11 00:00:00";49132
"2021-01-12 00:00:00";48122
"2021-01-13 00:00:00";47875
"2021-01-14 00:00:00";46685
"2021-01-15 00:00:00";49644
"2021-01-16 00:00:00";54203
"2021-01-17 00:00:00";54011
"2021-01-18 00:00:00";46615
"2021-01-19 00:00:00";46321
"2021-01-20 00:00:00";45770
"2021-01-21 00:00:00";44681
"2021-01-22 00:00:00";46022
"2021-01-23 00:00:00";50248
"2021-01-24 00:00:00";50305
"2021-01-25 00:00:00";43922
"2021-01-26 00:00:00";43388
"2021-01-27 00:00:00";43081
"2021-01-28 00:00:00";42229
"2021-01-29 00:00:00";43046
"2021-01-30 00:00:00";46798
"2021-01-31 00:00:00";45857
"2021-02-01 00:00:00";40033
"2021-02-02 00:00:00";39108
"2021-02-03 00:00:00";37373
"2021-02-04 00:00:00";36500
"2021-02-05 00:00:00";35453
"2021-02-06 00:00:00";39443
"2021-02-07 00:00:00";38711
"2021-02-08 00:00:00";33952
"2021-02-09 00:00:00";33196
"2021-02-10 00:00:00";32925
"2021-02-11 00:00:00";29668
"2021-02-12 00:00:00";35241
"2021-02-13 00:00:00";40818
"2021-02-14 00:00:00";42333
"2021-02-15 00:00:00";40717
"2021-02-16 00:00:00";41312
"2021-02-17 00:00:00";37667
"2021-02-18 00:00:00";39562
"2021-02-19 00:00:00";40198
"2021-02-20 00:00:00";42693
"2021-02-21 00:00:00";42202
"2021-02-22 00:00:00";38096
"2021-02-23 00:00:00";37516
"2021-02-24 00:00:00";36552
"2021-02-25 00:00:00";35587
"2021-02-26 00:00:00";36755
"2021-02-27 00:00:00";39377
"2021-02-28 00:00:00";39090
"2021-03-01 00:00:00";33964
"2021-03-02 00:00:00";33240
"2021-03-03 00:00:00";33117
"2021-03-04 00:00:00";32464
"2021-03-05 00:00:00";34552
"2021-03-06 00:00:00";38522
"2021-03-07 00:00:00";37578
"2021-03-08 00:00:00";32208
"2021-03-09 00:00:00";31779
"2021-03-10 00:00:00";32275
"2021-03-11 00:00:00";32293
"2021-03-12 00:00:00";35405
"2021-03-13 00:00:00";40499
"2021-03-14 00:00:00";38917
"2021-03-15 00:00:00";33858
"2021-03-16 00:00:00";33565
"2021-03-17 00:00:00";32646
"2021-03-18 00:00:00";32703
"2021-03-19 00:00:00";34231
"2021-03-20 00:00:00";38304
"2021-03-21 00:00:00";37620
"2021-03-22 00:00:00";31258
"2021-03-23 00:00:00";31180
"2021-03-24 00:00:00";31442
"2021-03-25 00:00:00";30265
"2021-03-26 00:00:00";32222
"2021-03-27 00:00:00";36714
"2021-03-28 00:00:00";37332
"2021-03-29 00:00:00";32996
"2021-03-30 00:00:00";32888
"2021-03-31 00:00:00";32262
"2021-04-01 00:00:00";32944
"2021-04-02 00:00:00";36205
"2021-04-03 00:00:00";37879
"2021-04-04 00:00:00";38677
"2021-04-05 00:00:00";37742
"2021-04-06 00:00:00";34116
"2021-04-07 00:00:00";33618
"2021-04-08 00:00:00";33064
"2021-04-09 00:00:00";36164
"2021-04-10 00:00:00";40668
"2021-04-11 00:00:00";40281
"2021-04-12 00:00:00";33708
"2021-04-13 00:00:00";33278
"2021-04-14 00:00:00";34841
"2021-04-15 00:00:00";36207
"2021-04-16 00:00:00";40117
"2021-04-17 00:00:00";47099
"2021-04-18 00:00:00";47859
"2021-04-19 00:00:00";42232
"2021-04-20 00:00:00";42731
"2021-04-21 00:00:00";42665
"2021-04-22 00:00:00";41063
"2021-04-23 00:00:00";43513
"2021-04-24 00:00:00";44610
"2021-04-25 00:00:00";44216
"2021-04-26 00:00:00";38348
"2021-04-27 00:00:00";36844
"2021-04-28 00:00:00";35079
"2021-04-29 00:00:00";34349
"2021-04-30 00:00:00";35615
"2021-05-01 00:00:00";38943
"2021-05-02 00:00:00";40156
"2021-05-03 00:00:00";36162
"2021-05-04 00:00:00";36475
"2021-05-05 00:00:00";35175
"2021-05-06 00:00:00";34861
"2021-05-07 00:00:00";36618
"2021-05-08 00:00:00";40474
"2021-05-09 00:00:00";38171
"2021-05-10 00:00:00";33438
"2021-05-11 00:00:00";33025
"2021-05-12 00:00:00";32830
"2021-05-13 00:00:00";33828
"2021-05-14 00:00:00";33904
"2021-05-15 00:00:00";36202
"2021-05-16 00:00:00";35416
"2021-05-17 00:00:00";30574
"2021-05-18 00:00:00";30201
"2021-05-19 00:00:00";29672
"2021-05-20 00:00:00";28757
"2021-05-21 00:00:00";30193
"2021-05-22 00:00:00";32565
"2021-05-23 00:00:00";30138
"2021-05-24 00:00:00";29431
"2021-05-25 00:00:00";26830
"2021-05-26 00:00:00";25675
"2021-05-27 00:00:00";25418
"2021-05-28 00:00:00";29429
"2021-05-29 00:00:00";34742
"2021-05-30 00:00:00";35614
"2021-05-31 00:00:00";34320
"2021-06-01 00:00:00";33037
"2021-06-02 00:00:00";32471
"2021-06-03 00:00:00";32279
"2021-06-04 00:00:00";34528
"2021-06-05 00:00:00";37212
"2021-06-06 00:00:00";35772
"2021-06-07 00:00:00";31877
"2021-06-08 00:00:00";30934
"2021-06-09 00:00:00";29554
"2021-06-10 00:00:00";28671
"2021-06-11 00:00:00";29150
"2021-06-12 00:00:00";31153
"2021-06-13 00:00:00";31216
"2021-06-14 00:00:00";26993
"2021-06-15 00:00:00";26261
"2021-06-16 00:00:00";25570
"2021-06-17 00:00:00";25301
"2021-06-18 00:00:00";26518
"2021-06-19 00:00:00";28074
"2021-06-20 00:00:00";26801
"2021-06-21 00:00:00";24149
"2021-06-22 00:00:00";23841
"2021-06-23 00:00:00";22878
"2021-06-24 00:00:00";22972
"2021-06-25 00:00:00";26249
"2021-06-26 00:00:00";29862
"2021-06-27 00:00:00";30424
"2021-06-28 00:00:00";28954
"2021-06-29 00:00:00";29786
"2021-06-30 00:00:00";29664
"2021-07-01 00:00:00";29773
"2021-07-02 00:00:00";32783
"2021-07-03 00:00:00";36081
"2021-07-04 00:00:00";35974
"2021-07-05 00:00:00";34185
"2021-07-06 00:00:00";34114
"2021-07-07 00:00:00";33575
"2021-07-08 00:00:00";33427
"2021-07-09 00:00:00";32760
"2021-07-10 00:00:00";34770
"2021-07-11 00:00:00";34340
"2021-07-12 00:00:00";30786
"2021-07-13 00:00:00";30716
"2021-07-14 00:00:00";30652
"2021-07-15 00:00:00";29932
"2021-07-16 00:00:00";31044
"2021-07-17 00:00:00";32867
"2021-07-18 00:00:00";32777
"2021-07-19 00:00:00";30565
"2021-07-20 00:00:00";30006
"2021-07-21 00:00:00";28005
"2021-07-22 00:00:00";27845
"2021-07-23 00:00:00";28277
"2021-07-24 00:00:00";30366
"2021-07-25 00:00:00";30029
"2021-07-26 00:00:00";27702
"2021-07-27 00:00:00";27594
"2021-07-28 00:00:00";27083
"2021-07-29 00:00:00";26823
"2021-07-30 00:00:00";28383
"2021-07-31 00:00:00";29992
"2021-08-01 00:00:00";29843
"2021-08-02 00:00:00";28043
"2021-08-03 00:00:00";27463
"2021-08-04 00:00:00";27216
"2021-08-05 00:00:00";26671
"2021-08-06 00:00:00";27316
"2021-08-07 00:00:00";29287
"2021-08-08 00:00:00";29478
"2021-08-09 00:00:00";27209
"2021-08-10 00:00:00";26626
"2021-08-11 00:00:00";26522
"2021-08-12 00:00:00";26329
"2021-08-13 00:00:00";29020
"2021-08-14 00:00:00";32968
"2021-08-15 00:00:00";36205
"2021-08-16 00:00:00";34222
"2021-08-17 00:00:00";35394
"2021-08-18 00:00:00";35634
"2021-08-19 00:00:00";35590
"2021-08-20 00:00:00";36053
"2021-08-21 00:00:00";38546
"2021-08-22 00:00:00";38769
"2021-08-23 00:00:00";34365
"2021-08-24 00:00:00";33620
"2021-08-25 00:00:00";32176
"2021-08-26 00:00:00";31448
"2021-08-27 00:00:00";33168
"2021-08-28 00:00:00";35418
"2021-08-29 00:00:00";35603
"2021-08-30 00:00:00";31878
"2021-08-31 00:00:00";30710
"2021-09-01 00:00:00";28777
"2021-09-02 00:00:00";28347
"2021-09-03 00:00:00";29443
"2021-09-04 00:00:00";32026
"2021-09-05 00:00:00";31712
"2021-09-06 00:00:00";28436
"2021-09-07 00:00:00";28159
"2021-09-08 00:00:00";26972
"2021-09-09 00:00:00";26309
"2021-09-10 00:00:00";27528
"2021-09-11 00:00:00";29676
"2021-09-12 00:00:00";28595
"2021-09-13 00:00:00";25007
"2021-09-14 00:00:00";25150
"2021-09-15 00:00:00";24500
"2021-09-16 00:00:00";24333
"2021-09-17 00:00:00";25485
"2021-09-18 00:00:00";28065
"2021-09-19 00:00:00";29106
"2021-09-20 00:00:00";25381
"2021-09-21 00:00:00";24382
"2021-09-22 00:00:00";23620
"2021-09-23 00:00:00";23289
"2021-09-24 00:00:00";26128
"2021-09-25 00:00:00";27707
"2021-09-26 00:00:00";27116
"2021-09-27 00:00:00";23688
"2021-09-28 00:00:00";23065
"2021-09-29 00:00:00";22943
"2021-09-30 00:00:00";24788
"2021-10-01 00:00:00";27756
"2021-10-02 00:00:00";31731
"2021-10-03 00:00:00";32784
"2021-10-04 00:00:00";29439
"2021-10-05 00:00:00";28126
"2021-10-06 00:00:00";28025
"2021-10-07 00:00:00";26987
"2021-10-08 00:00:00";27539
"2021-10-09 00:00:00";30326
"2021-10-10 00:00:00";29659
"2021-10-11 00:00:00";25125
"2021-10-12 00:00:00";24461
"2021-10-13 00:00:00";23464
"2021-10-14 00:00:00";22361
"2021-10-15 00:00:00";24478
"2021-10-16 00:00:00";27419
"2021-10-17 00:00:00";26165
"2021-10-18 00:00:00";22978
"2021-10-19 00:00:00";23148
"2021-10-20 00:00:00";23187
"2021-10-21 00:00:00";22503
"2021-10-22 00:00:00";24734
"2021-10-23 00:00:00";27180
"2021-10-24 00:00:00";26412
"2021-10-25 00:00:00";23136
"2021-10-26 00:00:00";22924
"2021-10-27 00:00:00";22710
"2021-10-28 00:00:00";22146
"2021-10-29 00:00:00";24645
"2021-10-30 00:00:00";27253
"2021-10-31 00:00:00";27032
"2021-11-01 00:00:00";26361
"2021-11-02 00:00:00";25862
"2021-11-03 00:00:00";23978
"2021-11-04 00:00:00";23747
"2021-11-05 00:00:00";25830
"2021-11-06 00:00:00";25053
"2021-11-07 00:00:00";26077
"2021-11-08 00:00:00";22234
"2021-11-09 00:00:00";21981
"2021-11-10 00:00:00";21416
"2021-11-11 00:00:00";21508
"2021-11-12 00:00:00";22528
"2021-11-13 00:00:00";25052
"2021-11-14 00:00:00";23567
"2021-11-15 00:00:00";21120
"2021-11-16 00:00:00";20853
"2021-11-17 00:00:00";20476
"2021-11-18 00:00:00";20384
"2021-11-19 00:00:00";21724
"2021-11-20 00:00:00";23863
"2021-11-21 00:00:00";23200
"2021-11-22 00:00:00";20389
"2021-11-23 00:00:00";20386
"2021-11-24 00:00:00";19736
"2021-11-25 00:00:00";20569
"2021-11-26 00:00:00";22874
"2021-11-27 00:00:00";26433
"2021-11-28 00:00:00";26674
"2021-11-29 00:00:00";24204
"2021-11-30 00:00:00";25031
"2021-12-01 00:00:00";24450
"2021-12-02 00:00:00";24977
"2021-12-03 00:00:00";25597
"2021-12-04 00:00:00";27632
"2021-12-05 00:00:00";26376
"2021-12-06 00:00:00";23687
"2021-12-07 00:00:00";23383
"2021-12-08 00:00:00";22853
"2021-12-09 00:00:00";22923
"2021-12-10 00:00:00";24941
"2021-12-11 00:00:00";27649
"2021-12-12 00:00:00";27051
"2021-12-13 00:00:00";24308
"2021-12-14 00:00:00";24040
"2021-12-15 00:00:00";23006
"2021-12-16 00:00:00";22782
"2021-12-17 00:00:00";24150
"2021-12-18 00:00:00";25973
"2021-12-19 00:00:00";25102
"2021-12-20 00:00:00";22740
"2021-12-21 00:00:00";22260
"2021-12-22 00:00:00";22442
"2021-12-23 00:00:00";23087
"2021-12-24 00:00:00";24557
"2021-12-25 00:00:00";25961
"2021-12-26 00:00:00";26563
"2021-12-27 00:00:00";26623
"2021-12-28 00:00:00";26670
"2021-12-29 00:00:00";27126
"2021-12-30 00:00:00";27312
"2021-12-31 00:00:00";26334
"2022-01-01 00:00:00";28600
"2022-01-02 00:00:00";30490
"2022-01-03 00:00:00";28102
"2022-01-04 00:00:00";28040
"2022-01-05 00:00:00";27328
"2022-01-06 00:00:00";27653
"2022-01-07 00:00:00";28870
"2022-01-08 00:00:00";31132
"2022-01-09 00:00:00";30647
"2022-01-10 00:00:00";26614
"2022-01-11 00:00:00";26866
"2022-01-12 00:00:00";26008
"2022-01-13 00:00:00";24551
"2022-01-14 00:00:00";26781
"2022-01-15 00:00:00";29410
"2022-01-16 00:00:00";29977
"2022-01-17 00:00:00";26921
"2022-01-18 00:00:00";26497
"2022-01-19 00:00:00";26373
"2022-01-20 00:00:00";25330
"2022-01-21 00:00:00";25749
"2022-01-22 00:00:00";28872
"2022-01-23 00:00:00";29592
"2022-01-24 00:00:00";25451
"2022-01-25 00:00:00";24849
"2022-01-26 00:00:00";25055
"2022-01-27 00:00:00";23966
"2022-01-28 00:00:00";24834
"2022-01-29 00:00:00";27047
"2022-01-30 00:00:00";27184
"2022-01-31 00:00:00";21938
"2022-02-01 00:00:00";23157
"2022-02-02 00:00:00";23702
"2022-02-03 00:00:00";24012
"2022-02-04 00:00:00";24111
"2022-02-05 00:00:00";26517
"2022-02-06 00:00:00";27185
"2022-02-07 00:00:00";24048
"2022-02-08 00:00:00";24004
"2022-02-09 00:00:00";23256
"2022-02-10 00:00:00";23114
"2022-02-11 00:00:00";24272
"2022-02-12 00:00:00";25983
"2022-02-13 00:00:00";25961
"2022-02-14 00:00:00";22365
"2022-02-15 00:00:00";22341
"2022-02-16 00:00:00";21194
"2022-02-17 00:00:00";20672
"2022-02-18 00:00:00";21916
"2022-02-19 00:00:00";24187
"2022-02-20 00:00:00";23600
"2022-02-21 00:00:00";21085
"2022-02-22 00:00:00";21293
"2022-02-23 00:00:00";20974
"2022-02-24 00:00:00";19406
"2022-02-25 00:00:00";18363
"2022-02-26 00:00:00";19726
"2022-02-27 00:00:00";19323
"2022-02-28 00:00:00";17572
"2022-03-01 00:00:00";17006
"2022-03-02 00:00:00";16781
"2022-03-03 00:00:00";16728
"2022-03-04 00:00:00";17540
"2022-03-05 00:00:00";18967
"2022-03-06 00:00:00";17934
"2022-03-07 00:00:00";16086
"2022-03-08 00:00:00";16026
"2022-03-09 00:00:00";16012
"2022-03-10 00:00:00";15920
"2022-03-11 00:00:00";17483
"2022-03-12 00:00:00";19230
"2022-03-13 00:00:00";18484
"2022-03-14 00:00:00";16067
"2022-03-15 00:00:00";19495
"2022-03-16 00:00:00";23192
"2022-03-17 00:00:00";25181
"2022-03-18 00:00:00";28237
"2022-03-19 00:00:00";32403
"2022-03-20 00:00:00";33413
"2022-03-21 00:00:00";31641
"2022-03-22 00:00:00";31696
"2022-03-23 00:00:00";30385
"2022-03-24 00:00:00";29835
"2022-03-25 00:00:00";30427
"2022-03-26 00:00:00";31665
"2022-03-27 00:00:00";30646
"2022-03-28 00:00:00";27346
"2022-03-29 00:00:00";27112
"2022-03-30 00:00:00";25965
"2022-03-31 00:00:00";25334
"2022-04-01 00:00:00";25546
"2022-04-02 00:00:00";27406
"2022-04-03 00:00:00";27524
"2022-04-04 00:00:00";25018
"2022-04-05 00:00:00";24655
"2022-04-06 00:00:00";23887
"2022-04-07 00:00:00";23260
"2022-04-08 00:00:00";25342
"2022-04-09 00:00:00";27167
"2022-04-10 00:00:00";26089
"2022-04-11 00:00:00";24235
"2022-04-12 00:00:00";24279
"2022-04-13 00:00:00";23997
"2022-04-14 00:00:00";23953
"2022-04-15 00:00:00";26549
"2022-04-16 00:00:00";27537
"2022-04-17 00:00:00";26144
"2022-04-18 00:00:00";25509
"2022-04-19 00:00:00";24284
"2022-04-20 00:00:00";23813
"2022-04-21 00:00:00";23343
"2022-04-22 00:00:00";24561
"2022-04-23 00:00:00";25086
"2022-04-24 00:00:00";24567
"2022-04-25 00:00:00";22450
"2022-04-26 00:00:00";22071
"2022-04-27 00:00:00";21617
"2022-04-28 00:00:00";22660
"2022-04-29 00:00:00";25032
"2022-04-30 00:00:00";28815
"2022-05-01 00:00:00";29492
"2022-05-02 00:00:00";29298
"2022-05-03 00:00:00";29660
"2022-05-04 00:00:00";27997
"2022-05-05 00:00:00";29922
"2022-05-06 00:00:00";29891
"2022-05-07 00:00:00";33249
"2022-05-08 00:00:00";33375
"2022-05-09 00:00:00";30576
"2022-05-10 00:00:00";30494
"2022-05-11 00:00:00";31841
"2022-05-12 00:00:00";30664
"2022-05-13 00:00:00";30608
"2022-05-14 00:00:00";32109
"2022-05-15 00:00:00";29986
"2022-05-16 00:00:00";29066
"2022-05-17 00:00:00";28937
"2022-05-18 00:00:00";28530
"2022-05-19 00:00:00";26853
"2022-05-20 00:00:00";26230
"2022-05-21 00:00:00";27842
"2022-05-22 00:00:00";26793
"2022-05-23 00:00:00";25195
"2022-05-24 00:00:00";24041
"2022-05-25 00:00:00";24353
"2022-05-26 00:00:00";25218
"2022-05-27 00:00:00";26493
"2022-05-28 00:00:00";27360
"2022-05-29 00:00:00";25870
"2022-05-30 00:00:00";24119
"2022-05-31 00:00:00";23379
"2022-06-01 00:00:00";22745
"2022-06-02 00:00:00";23164
"2022-06-03 00:00:00";24402
"2022-06-04 00:00:00";25593
"2022-06-05 00:00:00";25319
"2022-06-06 00:00:00";24051
"2022-06-07 00:00:00";23139
"2022-06-08 00:00:00";23092
"2022-06-09 00:00:00";22891
"2022-06-10 00:00:00";25400
"2022-06-11 00:00:00";28537
"2022-06-12 00:00:00";27890
"2022-06-13 00:00:00";26103
"2022-06-14 00:00:00";27389
"2022-06-15 00:00:00";27569
"2022-06-16 00:00:00";28841
"2022-06-17 00:00:00";31232
"2022-06-18 00:00:00";32818
"2022-06-19 00:00:00";33205
"2022-06-20 00:00:00";32125
"2022-06-21 00:00:00";32150
"2022-06-22 00:00:00";31263
"2022-06-23 00:00:00";30710
"2022-06-24 00:00:00";31606
"2022-06-25 00:00:00";32625
"2022-06-26 00:00:00";31907
"2022-06-27 00:00:00";30179
"2022-06-28 00:00:00";29891
"2022-06-29 00:00:00";28855
"2022-06-30 00:00:00";28011
"2022-07-01 00:00:00";29609
"2022-07-02 00:00:00";31680
"2022-07-03 00:00:00";31595
"2022-07-04 00:00:00";30252
"2022-07-05 00:00:00";29815
"2022-07-06 00:00:00";29857
"2022-07-07 00:00:00";30288
"2022-07-08 00:00:00";30592
"2022-07-09 00:00:00";32118
"2022-07-10 00:00:00";32523
"2022-07-11 00:00:00";29819
"2022-07-12 00:00:00";29763
"2022-07-13 00:00:00";28559
"2022-07-14 00:00:00";28437
"2022-07-15 00:00:00";27838
"2022-07-16 00:00:00";28948
"2022-07-17 00:00:00";29043
"2022-07-18 00:00:00";26745
"2022-07-19 00:00:00";26721
"2022-07-20 00:00:00";26126
"2022-07-21 00:00:00";25702
"2022-07-22 00:00:00";25941
"2022-07-23 00:00:00";27541
"2022-07-24 00:00:00";27347
"2022-07-25 00:00:00";24867
"2022-07-26 00:00:00";24718
"2022-07-27 00:00:00";24430
"2022-07-28 00:00:00";24323
"2022-07-29 00:00:00";25162
"2022-07-30 00:00:00";26120
"2022-07-31 00:00:00";25985
"2022-08-01 00:00:00";24048
"2022-08-02 00:00:00";24081
"2022-08-03 00:00:00";23301
"2022-08-04 00:00:00";23829
"2022-08-05 00:00:00";26356
"2022-08-06 00:00:00";27973
"2022-08-07 00:00:00";29435
"2022-08-08 00:00:00";28750
"2022-08-09 00:00:00";28975
"2022-08-10 00:00:00";26481
"2022-08-11 00:00:00";25994
"2022-08-12 00:00:00";27119
"2022-08-13 00:00:00";28352
"2022-08-14 00:00:00";28714
"2022-08-15 00:00:00";28255
"2022-08-16 00:00:00";28448
"2022-08-17 00:00:00";27785
"2022-08-18 00:00:00";27203
"2022-08-19 00:00:00";26771
"2022-08-20 00:00:00";28363
"2022-08-21 00:00:00";27695
"2022-08-22 00:00:00";25436
"2022-08-23 00:00:00";25397
"2022-08-24 00:00:00";23135
"2022-08-25 00:00:00";22538
"2022-08-26 00:00:00";23228
"2022-08-27 00:00:00";24333
"2022-08-28 00:00:00";24558
"2022-08-29 00:00:00";22441
"2022-08-30 00:00:00";22492
"2022-08-31 00:00:00";21686
"2022-09-01 00:00:00";20908
"2022-09-02 00:00:00";22351
"2022-09-03 00:00:00";24237
"2022-09-04 00:00:00";23406
"2022-09-05 00:00:00";22047
"2022-09-06 00:00:00";21367
"2022-09-07 00:00:00";20748
"2022-09-08 00:00:00";20619
"2022-09-09 00:00:00";21147
"2022-09-10 00:00:00";22166
"2022-09-11 00:00:00";22699
"2022-09-12 00:00:00";20228
"2022-09-13 00:00:00";19701
"2022-09-14 00:00:00";19718
"2022-09-15 00:00:00";18796
"2022-09-16 00:00:00";19438
"2022-09-17 00:00:00";21306
"2022-09-18 00:00:00";21121
"2022-09-19 00:00:00";18733
"2022-09-20 00:00:00";19395
"2022-09-21 00:00:00";19362
"2022-09-22 00:00:00";19553
"2022-09-23 00:00:00";21754
"2022-09-24 00:00:00";24170
"2022-09-25 00:00:00";23686
"2022-09-26 00:00:00";21532
"2022-09-27 00:00:00";21530
"2022-09-28 00:00:00";21051
"2022-09-29 00:00:00";20602
"2022-09-30 00:00:00";22329
"2022-10-01 00:00:00";24421
"2022-10-02 00:00:00";25438
"2022-10-03 00:00:00";23542
"2022-10-04 00:00:00";22721
"2022-10-05 00:00:00";21452
"2022-10-06 00:00:00";20609
"2022-10-07 00:00:00";20952
"2022-10-08 00:00:00";21897
"2022-10-09 00:00:00";22109
"2022-10-10 00:00:00";19518
"2022-10-11 00:00:00";19074
"2022-10-12 00:00:00";18982
"2022-10-13 00:00:00";18556
"2022-10-14 00:00:00";19436
"2022-10-15 00:00:00";20981
"2022-10-16 00:00:00";20261
"2022-10-17 00:00:00";17954
"2022-10-18 00:00:00";18209
"2022-10-19 00:00:00";17994
"2022-10-20 00:00:00";17973
"2022-10-21 00:00:00";19282
"2022-10-22 00:00:00";20657
"2022-10-23 00:00:00";20009
"2022-10-24 00:00:00";18177
"2022-10-25 00:00:00";18262
"2022-10-26 00:00:00";17687
"2022-10-27 00:00:00";17110
"2022-10-28 00:00:00";18407
"2022-10-29 00:00:00";19609
"2022-10-30 00:00:00";18624
"2022-10-31 00:00:00";17190
"2022-11-01 00:00:00";17162
"2022-11-02 00:00:00";16062
"2022-11-03 00:00:00";16168
"2022-11-04 00:00:00";17406
"2022-11-05 00:00:00";18677
"2022-11-06 00:00:00";17649
"2022-11-07 00:00:00";15917
"2022-11-08 00:00:00";16223
"2022-11-09 00:00:00";16126
"2022-11-10 00:00:00";16110
"2022-11-11 00:00:00";18688
"2022-11-12 00:00:00";21474
"2022-11-13 00:00:00";22111
"2022-11-14 00:00:00";20920
"2022-11-15 00:00:00";21272
"2022-11-16 00:00:00";21493
"2022-11-17 00:00:00";21117
"2022-11-18 00:00:00";22434
"2022-11-19 00:00:00";24931
"2022-11-20 00:00:00";24954
"2022-11-21 00:00:00";22970
"2022-11-22 00:00:00";24381
"2022-11-23 00:00:00";22713
"2022-11-24 00:00:00";22047
"2022-11-25 00:00:00";23976
"2022-11-26 00:00:00";26192
"2022-11-27 00:00:00";26042
"2022-11-28 00:00:00";23728
"2022-11-29 00:00:00";23907
"2022-11-30 00:00:00";24073
"2022-12-01 00:00:00";23229
"2022-12-02 00:00:00";24333
"2022-12-03 00:00:00";25802
"2022-12-04 00:00:00";25201
"2022-12-05 00:00:00";22801
"2022-12-06 00:00:00";28159
"2022-12-07 00:00:00";20798
"2022-12-08 00:00:00";19949
"2022-12-09 00:00:00";20214
"2022-12-10 00:00:00";21813
"2022-12-11 00:00:00";20668
"2022-12-12 00:00:00";19099
"2022-12-13 00:00:00";19111
"2022-12-14 00:00:00";18452
"2022-12-15 00:00:00";17412
"2022-12-16 00:00:00";18318
"2022-12-17 00:00:00";19996
"2022-12-18 00:00:00";19355
"2022-12-19 00:00:00";17714
"2022-12-20 00:00:00";17401
"2022-12-21 00:00:00";17338
"2022-12-22 00:00:00";16994
"2022-12-23 00:00:00";18709
"2022-12-24 00:00:00";19199
"2022-12-25 00:00:00";19410
"2022-12-26 00:00:00";20745
"2022-12-27 00:00:00";21043
"2022-12-28 00:00:00";21998
"2022-12-29 00:00:00";22136
"2022-12-30 00:00:00";23256
"2022-12-31 00:00:00";22720
"2023-01-01 00:00:00";23912
"2023-01-02 00:00:00";25064
"2023-01-03 00:00:00";24893
"2023-01-04 00:00:00";25237
"2023-01-05 00:00:00";25391
"2023-01-06 00:00:00";26066
"2023-01-07 00:00:00";27155
"2023-01-08 00:00:00";27781
"2023-01-09 00:00:00";24911
"2023-01-10 00:00:00";24791
"2023-01-11 00:00:00";24534
"2023-01-12 00:00:00";23477
"2023-01-13 00:00:00";24415
"2023-01-14 00:00:00";26460
"2023-01-15 00:00:00";27071
"2023-01-16 00:00:00";23805
"2023-01-17 00:00:00";23341
"2023-01-18 00:00:00";22404
"2023-01-19 00:00:00";21802
"2023-01-20 00:00:00";22155
"2023-01-21 00:00:00";24027
"2023-01-22 00:00:00";26281
"2023-01-23 00:00:00";24138
"2023-01-24 00:00:00";25235
"2023-01-25 00:00:00";26111
"2023-01-26 00:00:00";26707
"2023-01-27 00:00:00";27855
"2023-01-28 00:00:00";31045
"2023-01-29 00:00:00";31861
"2023-01-30 00:00:00";29520
"2023-01-31 00:00:00";30124
"2023-02-01 00:00:00";29633
"2023-02-02 00:00:00";29623
"2023-02-03 00:00:00";30143
"2023-02-04 00:00:00";32195
"2023-02-05 00:00:00";32371
"2023-02-06 00:00:00";28537
"2023-02-07 00:00:00";26397
"2023-02-08 00:00:00";25820
"2023-02-09 00:00:00";25797
"2023-02-10 00:00:00";26821
"2023-02-11 00:00:00";28486
"2023-02-12 00:00:00";28449
"2023-02-13 00:00:00";25794
"2023-02-14 00:00:00";25036
"2023-02-15 00:00:00";25140
"2023-02-16 00:00:00";25158
"2023-02-17 00:00:00";26531
"2023-02-18 00:00:00";29234
"2023-02-19 00:00:00";29446
"2023-02-20 00:00:00";27528
"2023-02-21 00:00:00";27142
"2023-02-22 00:00:00";27326
"2023-02-23 00:00:00";27107
"2023-02-24 00:00:00";26670
"2023-02-25 00:00:00";29051
"2023-02-26 00:00:00";29007
"2023-02-27 00:00:00";26553
"2023-02-28 00:00:00";26810
"2023-03-01 00:00:00";25785
"2023-03-02 00:00:00";25513
"2023-03-03 00:00:00";26788
"2023-03-04 00:00:00";31039
"2023-03-05 00:00:00";32626
"2023-03-06 00:00:00";31524
"2023-03-07 00:00:00";33394
"2023-03-08 00:00:00";35237
"2023-03-09 00:00:00";36804
"2023-03-10 00:00:00";40814
"2023-03-11 00:00:00";45218
"2023-03-12 00:00:00";46756
"2023-03-13 00:00:00";45754
"2023-03-14 00:00:00";46419
"2023-03-15 00:00:00";47164
"2023-03-16 00:00:00";47262
"2023-03-17 00:00:00";49514
"2023-03-18 00:00:00";52911
"2023-03-19 00:00:00";52620
"2023-03-20 00:00:00";51566
"2023-03-21 00:00:00";50621
"2023-03-22 00:00:00";50894
"2023-03-23 00:00:00";50813
"2023-03-24 00:00:00";51264
"2023-03-25 00:00:00";52616
"2023-03-26 00:00:00";51181
"2023-03-27 00:00:00";49076
"2023-03-28 00:00:00";47938
"2023-03-29 00:00:00";46746
"2023-03-30 00:00:00";45871
"2023-03-31 00:00:00";46108
"2023-04-01 00:00:00";46382
"2023-04-02 00:00:00";45345
"2023-04-03 00:00:00";44782
"2023-04-04 00:00:00";47089
"2023-04-05 00:00:00";43201
"2023-04-06 00:00:00";42082
"2023-04-07 00:00:00";45603
"2023-04-08 00:00:00";45263
"2023-04-09 00:00:00";42618
"2023-04-10 00:00:00";41653
"2023-04-11 00:00:00";40545
"2023-04-12 00:00:00";39107
"2023-04-13 00:00:00";37637
"2023-04-14 00:00:00";39895
"2023-04-15 00:00:00";40292
"2023-04-16 00:00:00";37923
"2023-04-17 00:00:00";35664
"2023-04-18 00:00:00";36036
"2023-04-19 00:00:00";34688
"2023-04-20 00:00:00";32439
"2023-04-21 00:00:00";35876
"2023-04-22 00:00:00";35166
"2023-04-23 00:00:00";35486
"2023-04-24 00:00:00";33155
"2023-04-25 00:00:00";33740
"2023-04-26 00:00:00";29701
"2023-04-27 00:00:00";29343
"2023-04-28 00:00:00";29538
"2023-04-29 00:00:00";29972
"2023-04-30 00:00:00";30150
"2023-05-01 00:00:00";29373
"2023-05-02 00:00:00";27945
"2023-05-03 00:00:00";28472
"2023-05-04 00:00:00";30958
"2023-05-05 00:00:00";32672
"2023-05-06 00:00:00";36623
"2023-05-07 00:00:00";35659
"2023-05-08 00:00:00";33552
"2023-05-09 00:00:00";32390
"2023-05-10 00:00:00";31615
"2023-05-11 00:00:00";30303
"2023-05-12 00:00:00";31737
"2023-05-13 00:00:00";32506
"2023-05-14 00:00:00";31093
"2023-05-15 00:00:00";28726
"2023-05-16 00:00:00";28611
"2023-05-17 00:00:00";28276
"2023-05-18 00:00:00";27947
"2023-05-19 00:00:00";29228
"2023-05-20 00:00:00";29504
"2023-05-21 00:00:00";28335
"2023-05-22 00:00:00";26905
"2023-05-23 00:00:00";26459
"2023-05-24 00:00:00";26432
"2023-05-25 00:00:00";25602
"2023-05-26 00:00:00";27116
"2023-05-27 00:00:00";28339
"2023-05-28 00:00:00";27448
"2023-05-29 00:00:00";26743
"2023-05-30 00:00:00";25386
"2023-05-31 00:00:00";24824
"2023-06-01 00:00:00";23683
"2023-06-02 00:00:00";25929
"2023-06-03 00:00:00";26424
"2023-06-04 00:00:00";26128
"2023-06-05 00:00:00";24832
"2023-06-06 00:00:00";24733
"2023-06-07 00:00:00";25245
"2023-06-08 00:00:00";26572
"2023-06-09 00:00:00";28824
"2023-06-10 00:00:00";30900
"2023-06-11 00:00:00";31081
"2023-06-12 00:00:00";29921
"2023-06-13 00:00:00";30486
"2023-06-14 00:00:00";29708
"2023-06-15 00:00:00";28949
"2023-06-16 00:00:00";30384
"2023-06-17 00:00:00";32413
"2023-06-18 00:00:00";31471
"2023-06-19 00:00:00";30059
"2023-06-20 00:00:00";30536
"2023-06-21 00:00:00";30671
"2023-06-22 00:00:00";29574
"2023-06-23 00:00:00";29518
"2023-06-24 00:00:00";29502
"2023-06-25 00:00:00";29432
"2023-06-26 00:00:00";27882
"2023-06-27 00:00:00";27005
"2023-06-28 00:00:00";25960
"2023-06-29 00:00:00";25533
"2023-06-30 00:00:00";27027
"2023-07-01 00:00:00";28841
"2023-07-02 00:00:00";29294
"2023-07-03 00:00:00";27806
"2023-07-04 00:00:00";28228
"2023-07-05 00:00:00";27758
"2023-07-06 00:00:00";27179
"2023-07-07 00:00:00";28721
"2023-07-08 00:00:00";30465
"2023-07-09 00:00:00";30711
"2023-07-10 00:00:00";29090
"2023-07-11 00:00:00";29518
"2023-07-12 00:00:00";29153
"2023-07-13 00:00:00";29123
"2023-07-14 00:00:00";29211
"2023-07-15 00:00:00";29953
"2023-07-16 00:00:00";30047
"2023-07-17 00:00:00";28334
"2023-07-18 00:00:00";28116
"2023-07-19 00:00:00";26475
"2023-07-20 00:00:00";25471
"2023-07-21 00:00:00";25509
"2023-07-22 00:00:00";26612
"2023-07-23 00:00:00";26474
"2023-07-24 00:00:00";24963
"2023-07-25 00:00:00";24941
"2023-07-26 00:00:00";25269
"2023-07-27 00:00:00";25775
"2023-07-28 00:00:00";27185
"2023-07-29 00:00:00";28964
"2023-07-30 00:00:00";29029
"2023-07-31 00:00:00";27898
"2023-08-01 00:00:00";27412
"2023-08-02 00:00:00";27189
"2023-08-03 00:00:00";26926
"2023-08-04 00:00:00";26749
"2023-08-05 00:00:00";27920
"2023-08-06 00:00:00";28978
"2023-08-07 00:00:00";27797
"2023-08-08 00:00:00";26977
"2023-08-09 00:00:00";26246
"2023-08-10 00:00:00";25421
"2023-08-11 00:00:00";25366
"2023-08-12 00:00:00";25951
"2023-08-13 00:00:00";26404
"2023-08-14 00:00:00";25494
"2023-08-15 00:00:00";25034
"2023-08-16 00:00:00";23342
"2023-08-17 00:00:00";23061
"2023-08-18 00:00:00";22941
"2023-08-19 00:00:00";24145
"2023-08-20 00:00:00";24301
"2023-08-21 00:00:00";23071
"2023-08-22 00:00:00";23090
"2023-08-23 00:00:00";23077
"2023-08-24 00:00:00";22722
"2023-08-25 00:00:00";22991
"2023-08-26 00:00:00";24342
"2023-08-27 00:00:00";24682
"2023-08-28 00:00:00";23419
"2023-08-29 00:00:00";23381
"2023-08-30 00:00:00";22650
"2023-08-31 00:00:00";21819
"2023-09-01 00:00:00";22960
"2023-09-02 00:00:00";24518
"2023-09-03 00:00:00";24515
"2023-09-04 00:00:00";23388
"2023-09-05 00:00:00";22832
"2023-09-06 00:00:00";22340
"2023-09-07 00:00:00";22464
"2023-09-08 00:00:00";23717
"2023-09-09 00:00:00";25482
"2023-09-10 00:00:00";24936
"2023-09-11 00:00:00";23083
"2023-09-12 00:00:00";24217
"2023-09-13 00:00:00";25185
"2023-09-14 00:00:00";25737
"2023-09-15 00:00:00";27531
"2023-09-16 00:00:00";31281
"2023-09-17 00:00:00";32315
"2023-09-18 00:00:00";31408
"2023-09-19 00:00:00";31561
"2023-09-20 00:00:00";31298
"2023-09-21 00:00:00";31525
"2023-09-22 00:00:00";34886
"2023-09-23 00:00:00";38481
"2023-09-24 00:00:00";39301
"2023-09-25 00:00:00";36168
"2023-09-26 00:00:00";35766
"2023-09-27 00:00:00";34271
"2023-09-28 00:00:00";31885
"2023-09-29 00:00:00";31948
"2023-09-30 00:00:00";35386
"2023-10-01 00:00:00";36485
"2023-10-02 00:00:00";33211
"2023-10-03 00:00:00";33184
"2023-10-04 00:00:00";33322
"2023-10-05 00:00:00";33909
"2023-10-06 00:00:00";35237
"2023-10-07 00:00:00";39551
"2023-10-08 00:00:00";40442
"2023-10-09 00:00:00";36720
"2023-10-10 00:00:00";36170
"2023-10-11 00:00:00";34770
"2023-10-12 00:00:00";35065
"2023-10-13 00:00:00";36211
"2023-10-14 00:00:00";39775
"2023-10-15 00:00:00";37860
"2023-10-16 00:00:00";33902
"2023-10-17 00:00:00";31340