,DateTime,Players,Average Players
242,2022-02-08 00:00:00,532476.0,
243,2022-02-09 00:00:00,506946.0,
244,2022-02-10 00:00:00,507123.0,
245,2022-02-11 00:00:00,688736.0,
246,2022-02-12 00:00:00,1325305.0,
247,2022-02-13 00:00:00,1316854.0,
248,2022-02-14 00:00:00,1098921.0,
249,2022-02-15 00:00:00,1119642.0,
250,2022-02-16 00:00:00,1135765.0,
251,2022-02-17 00:00:00,1090827.0,
252,2022-02-18 00:00:00,1102515.0,
253,2022-02-19 00:00:00,1134663.0,
254,2022-02-20 00:00:00,1174722.0,
255,2022-02-21 00:00:00,1074677.0,
256,2022-02-22 00:00:00,993849.0,
257,2022-02-23 00:00:00,949460.0,
258,2022-02-24 00:00:00,915628.0,
259,2022-02-25 00:00:00,881133.0,
260,2022-02-26 00:00:00,930509.0,
261,2022-02-27 00:00:00,962906.0,
262,2022-02-28 00:00:00,856177.0,
263,2022-03-01 00:00:00,842508.0,
264,2022-03-02 00:00:00,819652.0,
265,2022-03-03 00:00:00,815473.0,
266,2022-03-04 00:00:00,759648.0,
267,2022-03-05 00:00:00,847376.0,
268,2022-03-06 00:00:00,908335.0,
269,2022-03-07 00:00:00,829633.0,
270,2022-03-08 00:00:00,822383.0,
271,2022-03-09 00:00:00,805722.0,
272,2022-03-10 00:00:00,679494.0,
273,2022-03-11 00:00:00,630067.0,
274,2022-03-12 00:00:00,646991.0,
275,2022-03-13 00:00:00,660051.0,
276,2022-03-14 00:00:00,591163.0,
277,2022-03-15 00:00:00,511063.0,
278,2022-03-16 00:00:00,519268.0,
279,2022-03-17 00:00:00,528089.0,
280,2022-03-18 00:00:00,486390.0,
281,2022-03-19 00:00:00,518719.0,
282,2022-03-20 00:00:00,537588.0,
283,2022-03-21 00:00:00,483641.0,
284,2022-03-22 00:00:00,460199.0,
285,2022-03-23 00:00:00,449751.0,
286,2022-03-24 00:00:00,413761.0,
287,2022-03-25 00:00:00,389102.0,
288,2022-03-26 00:00:00,402922.0,
289,2022-03-27 00:00:00,420758.0,
290,2022-03-28 00:00:00,369916.0,
291,2022-03-29 00:00:00,355086.0,
292,2022-03-30 00:00:00,336539.0,
293,2022-03-31 00:00:00,353933.0,
294,2022-04-01 00:00:00,347729.0,
295,2022-04-02 00:00:00,375010.0,
296,2022-04-03 00:00:00,399715.0,
297,2022-04-04 00:00:00,356506.0,
298,2022-04-05 00:00:00,359193.0,
299,2022-04-06 00:00:00,351755.0,
300,2022-04-07 00:00:00,367612.0,
301,2022-04-08 00:00:00,374802.0,
302,2022-04-09 00:00:00,401124.0,
303,2022-04-10 00:00:00,426706.0,
304,2022-04-11 00:00:00,405794.0,
305,2022-04-12 00:00:00,397493.0,
306,2022-04-13 00:00:00,369797.0,
307,2022-04-14 00:00:00,416018.0,
308,2022-04-15 00:00:00,441972.0,
309,2022-04-16 00:00:00,425987.0,
310,2022-04-17 00:00:00,462394.0,
311,2022-04-18 00:00:00,462085.0,
312,2022-04-19 00:00:00,462026.0,
313,2022-04-20 00:00:00,458832.0,
314,2022-04-21 00:00:00,393305.0,
315,2022-04-22 00:00:00,500139.0,
316,2022-04-23 00:00:00,536047.0,
317,2022-04-24 00:00:00,572602.0,
318,2022-04-25 00:00:00,556187.0,
319,2022-04-26 00:00:00,566673.0,
320,2022-04-27 00:00:00,560956.0,
321,2022-04-28 00:00:00,487900.0,
322,2022-04-29 00:00:00,499313.0,
323,2022-04-30 00:00:00,542609.0,
324,2022-05-01 00:00:00,586540.0,
325,2022-05-02 00:00:00,568246.0,
326,2022-05-03 00:00:00,567373.0,
327,2022-05-04 00:00:00,493101.0,
328,2022-05-05 00:00:00,573879.0,
329,2022-05-06 00:00:00,578536.0,
330,2022-05-07 00:00:00,588550.0,
331,2022-05-08 00:00:00,637078.0,
332,2022-05-09 00:00:00,623896.0,
333,2022-05-10 00:00:00,591542.0,
334,2022-05-11 00:00:00,574594.0,
335,2022-05-12 00:00:00,508050.0,
336,2022-05-13 00:00:00,423930.0,
337,2022-05-14 00:00:00,481919.0,
338,2022-05-15 00:00:00,563381.0,
339,2022-05-16 00:00:00,579329.0,
340,2022-05-17 00:00:00,583597.0,
341,2022-05-18 00:00:00,584612.0,
342,2022-05-19 00:00:00,524134.0,
343,2022-05-20 00:00:00,441528.0,
344,2022-05-21 00:00:00,440460.0,
345,2022-05-22 00:00:00,648260.0,
346,2022-05-23 00:00:00,646417.0,
347,2022-05-24 00:00:00,673024.0,
348,2022-05-25 00:00:00,668525.0,
349,2022-05-26 00:00:00,615744.0,
350,2022-05-27 00:00:00,733251.0,
351,2022-05-28 00:00:00,709234.0,
352,2022-05-29 00:00:00,704632.0,
353,2022-05-30 00:00:00,801364.0,
354,2022-05-31 00:00:00,737605.0,
355,2022-06-01 00:00:00,715223.0,
356,2022-06-02 00:00:00,666383.0,
357,2022-06-03 00:00:00,683981.0,
358,2022-06-04 00:00:00,708926.0,
359,2022-06-05 00:00:00,798621.0,
360,2022-06-06 00:00:00,819349.0,
361,2022-06-07 00:00:00,829155.0,
362,2022-06-08 00:00:00,837419.0,
363,2022-06-09 00:00:00,451615.0,
364,2022-06-10 00:00:00,800400.0,
365,2022-06-11 00:00:00,843598.0,
366,2022-06-12 00:00:00,885968.0,
367,2022-06-13 00:00:00,880727.0,
368,2022-06-14 00:00:00,873694.0,
369,2022-06-15 00:00:00,727629.0,
370,2022-06-16 00:00:00,605751.0,
371,2022-06-17 00:00:00,551016.0,
372,2022-06-18 00:00:00,449382.0,
373,2022-06-19 00:00:00,273010.0,
374,2022-06-20 00:00:00,279843.0,
375,2022-06-21 00:00:00,306156.0,
376,2022-06-22 00:00:00,301666.0,
377,2022-06-23 00:00:00,289060.0,
378,2022-06-24 00:00:00,360567.0,
379,2022-06-25 00:00:00,293284.0,
380,2022-06-26 00:00:00,348754.0,
381,2022-06-27 00:00:00,341678.0,
382,2022-06-28 00:00:00,283820.0,
383,2022-06-29 00:00:00,226472.0,
384,2022-06-30 00:00:00,186986.0,
385,2022-07-01 00:00:00,173512.0,
386,2022-07-02 00:00:00,215308.0,
387,2022-07-03 00:00:00,254128.0,
388,2022-07-04 00:00:00,274205.0,
389,2022-07-05 00:00:00,280685.0,
390,2022-07-06 00:00:00,283863.0,
391,2022-07-07 00:00:00,292516.0,
392,2022-07-08 00:00:00,278280.0,
393,2022-07-09 00:00:00,305384.0,
394,2022-07-10 00:00:00,313083.0,
395,2022-07-11 00:00:00,285210.0,
396,2022-07-12 00:00:00,268757.0,
397,2022-07-13 00:00:00,268748.0,
398,2022-07-14 00:00:00,251334.0,
399,2022-07-15 00:00:00,151989.0,
400,2022-07-16 00:00:00,170008.0,
401,2022-07-17 00:00:00,204940.0,
402,2022-07-18 00:00:00,201638.0,
403,2022-07-19 00:00:00,201865.0,
404,2022-07-20 00:00:00,164256.0,
405,2022-07-21 00:00:00,230377.0,
406,2022-07-22 00:00:00,242342.0,
407,2022-07-23 00:00:00,267406.0,
408,2022-07-24 00:00:00,290788.0,
409,2022-07-25 00:00:00,288234.0,
410,2022-07-26 00:00:00,290423.0,
411,2022-07-27 00:00:00,243626.0,
412,2022-07-28 00:00:00,296884.0,
413,2022-07-29 00:00:00,311828.0,
414,2022-07-30 00:00:00,334027.0,
415,2022-07-31 00:00:00,352852.0,
416,2022-08-01 00:00:00,352344.0,
417,2022-08-02 00:00:00,340560.0,
418,2022-08-03 00:00:00,281060.0,
419,2022-08-04 00:00:00,156805.0,
420,2022-08-05 00:00:00,252770.0,
421,2022-08-06 00:00:00,151541.0,
422,2022-08-07 00:00:00,185135.0,
423,2022-08-08 00:00:00,203445.0,
424,2022-08-09 00:00:00,220056.0,
425,2022-08-10 00:00:00,181785.0,
426,2022-08-11 00:00:00,116685.0,
427,2022-08-12 00:00:00,121437.0,
428,2022-08-13 00:00:00,131118.0,
429,2022-08-14 00:00:00,137042.0,
430,2022-08-15 00:00:00,133695.0,
431,2022-08-16 00:00:00,147840.0,
432,2022-08-17 00:00:00,171335.0,
433,2022-08-18 00:00:00,225391.0,
434,2022-08-19 00:00:00,239071.0,
435,2022-08-20 00:00:00,228162.0,
436,2022-08-21 00:00:00,248196.0,
437,2022-08-22 00:00:00,240933.0,
438,2022-08-23 00:00:00,227548.0,
439,2022-08-24 00:00:00,187040.0,
440,2022-08-25 00:00:00,224258.0,
441,2022-08-26 00:00:00,238427.0,
442,2022-08-27 00:00:00,252565.0,
443,2022-08-28 00:00:00,264904.0,
444,2022-08-29 00:00:00,245050.0,
445,2022-08-30 00:00:00,216840.0,
446,2022-08-31 00:00:00,209736.0,
447,2022-09-01 00:00:00,130010.0,
448,2022-09-02 00:00:00,110209.0,
449,2022-09-03 00:00:00,125197.0,
450,2022-09-04 00:00:00,173803.0,
451,2022-09-05 00:00:00,179091.0,
452,2022-09-06 00:00:00,172439.0,
453,2022-09-07 00:00:00,147981.0,
454,2022-09-08 00:00:00,118215.0,
455,2022-09-09 00:00:00,183977.0,
456,2022-09-10 00:00:00,197303.0,
457,2022-09-11 00:00:00,212778.0,
458,2022-09-12 00:00:00,205722.0,
459,2022-09-13 00:00:00,203029.0,
460,2022-09-14 00:00:00,194204.0,
461,2022-09-15 00:00:00,223872.0,
462,2022-09-16 00:00:00,202612.0,
463,2022-09-17 00:00:00,217579.0,
464,2022-09-18 00:00:00,232767.0,
465,2022-09-19 00:00:00,218970.0,
466,2022-09-20 00:00:00,211398.0,
467,2022-09-21 00:00:00,175455.0,
468,2022-09-22 00:00:00,203625.0,
469,2022-09-23 00:00:00,145424.0,118061.0
470,2022-09-24 00:00:00,195236.0,158880.0
471,2022-09-25 00:00:00,214237.0,187963.0
472,2022-09-26 00:00:00,204425.0,180142.0
473,2022-09-27 00:00:00,188514.0,167824.0
474,2022-09-28 00:00:00,152300.0,71741.0
475,2022-09-29 00:00:00,226988.0,157516.0
476,2022-09-30 00:00:00,195928.0,170264.0
477,2022-10-01 00:00:00,200582.0,166289.0
478,2022-10-02 00:00:00,206716.0,179645.0
479,2022-10-03 00:00:00,192136.0,157239.0
480,2022-10-04 00:00:00,191390.0,168223.0
481,2022-10-05 00:00:00,162495.0,107370.0
482,2022-10-06 00:00:00,153099.0,117985.0
483,2022-10-07 00:00:00,147027.0,110296.0
484,2022-10-08 00:00:00,167405.0,141767.0
485,2022-10-09 00:00:00,176212.0,149668.0
486,2022-10-10 00:00:00,171515.0,149301.0
487,2022-10-11 00:00:00,162212.0,143563.0
488,2022-10-12 00:00:00,135049.0,82029.0
489,2022-10-13 00:00:00,165358.0,121708.0
490,2022-10-14 00:00:00,179823.0,154844.0
491,2022-10-15 00:00:00,196018.0,170930.0
492,2022-10-16 00:00:00,207013.0,178829.0
493,2022-10-17 00:00:00,201648.0,176760.0
494,2022-10-18 00:00:00,198287.0,171623.0
495,2022-10-19 00:00:00,146699.0,103115.0
496,2022-10-20 00:00:00,181440.0,142291.0
497,2022-10-21 00:00:00,157168.0,136569.0
498,2022-10-22 00:00:00,195348.0,162327.0
499,2022-10-23 00:00:00,214493.0,184459.0
500,2022-10-24 00:00:00,214585.0,189749.0
501,2022-10-25 00:00:00,214549.0,191661.0
502,2022-10-26 00:00:00,186615.0,105054.0
503,2022-10-27 00:00:00,227894.0,175847.0
504,2022-10-28 00:00:00,211908.0,161711.0
505,2022-10-29 00:00:00,234844.0,210554.0
506,2022-10-30 00:00:00,258778.0,226074.0
507,2022-10-31 00:00:00,235069.0,208767.0
508,2022-11-01 00:00:00,228687.0,198282.0
509,2022-11-02 00:00:00,191313.0,106768.0
510,2022-11-03 00:00:00,230379.0,155767.0
511,2022-11-04 00:00:00,236068.0,195260.0
512,2022-11-05 00:00:00,260886.0,227778.0
513,2022-11-06 00:00:00,279228.0,237183.0
514,2022-11-07 00:00:00,276176.0,250308.0
515,2022-11-08 00:00:00,271388.0,243341.0
516,2022-11-09 00:00:00,203868.0,111095.0
517,2022-11-10 00:00:00,228097.0,177223.0
518,2022-11-11 00:00:00,243494.0,214407.0
519,2022-11-12 00:00:00,260104.0,231334.0
520,2022-11-13 00:00:00,276579.0,246204.0
521,2022-11-14 00:00:00,251788.0,170902.0
522,2022-11-15 00:00:00,239998.0,202889.0
523,2022-11-16 00:00:00,178629.0,93533.0
524,2022-11-17 00:00:00,122044.0,79573.0
525,2022-11-18 00:00:00,172597.0,120329.0
526,2022-11-19 00:00:00,211064.0,178294.0
527,2022-11-20 00:00:00,232299.0,199641.0
528,2022-11-21 00:00:00,226833.0,207164.0
529,2022-11-22 00:00:00,229035.0,204049.0
530,2022-11-23 00:00:00,200148.0,124265.0
531,2022-11-24 00:00:00,248269.0,192207.0
532,2022-11-25 00:00:00,264710.0,228939.0
533,2022-11-26 00:00:00,275134.0,245627.0
534,2022-11-27 00:00:00,281950.0,259334.0
535,2022-11-28 00:00:00,277421.0,252266.0
536,2022-11-29 00:00:00,262338.0,221803.0
537,2022-11-30 00:00:00,221489.0,130562.0
538,2022-12-01 00:00:00,285894.0,200431.0
539,2022-12-02 00:00:00,298719.0,256079.0
540,2022-12-03 00:00:00,304125.0,265456.0
541,2022-12-04 00:00:00,322787.0,289888.0
542,2022-12-05 00:00:00,305982.0,273430.0
543,2022-12-06 00:00:00,290010.0,251356.0
544,2022-12-07 00:00:00,253015.0,171454.0
545,2022-12-08 00:00:00,317013.0,274326.0
546,2022-12-09 00:00:00,308345.0,269408.0
547,2022-12-10 00:00:00,305759.0,287006.0
548,2022-12-11 00:00:00,322463.0,299099.0
549,2022-12-12 00:00:00,320131.0,296248.0
550,2022-12-13 00:00:00,299029.0,279775.0
551,2022-12-14 00:00:00,244244.0,136798.0
552,2022-12-15 00:00:00,308365.0,217847.0
553,2022-12-16 00:00:00,315151.0,261563.0
554,2022-12-17 00:00:00,327346.0,283582.0
555,2022-12-18 00:00:00,341308.0,313368.0
556,2022-12-19 00:00:00,330461.0,300409.0
557,2022-12-20 00:00:00,322547.0,293545.0
558,2022-12-21 00:00:00,279277.0,158657.0
559,2022-12-22 00:00:00,335629.0,266453.0
560,2022-12-23 00:00:00,348047.0,318619.0
561,2022-12-24 00:00:00,345451.0,327582.0
562,2022-12-25 00:00:00,347556.0,325954.0
563,2022-12-26 00:00:00,334034.0,303886.0
564,2022-12-27 00:00:00,314814.0,288506.0
565,2022-12-28 00:00:00,281282.0,207311.0
566,2022-12-29 00:00:00,336994.0,299252.0
567,2022-12-30 00:00:00,341949.0,311883.0
568,2022-12-31 00:00:00,331457.0,311470.0
569,2023-01-01 00:00:00,331516.0,302875.0
570,2023-01-02 00:00:00,322974.0,294704.0
571,2023-01-03 00:00:00,301687.0,284171.0
572,2023-01-04 00:00:00,286256.0,210850.0
573,2023-01-05 00:00:00,328749.0,294653.0
574,2023-01-06 00:00:00,328489.0,297112.0
575,2023-01-07 00:00:00,334099.0,306757.0
576,2023-01-08 00:00:00,332977.0,311539.0
577,2023-01-09 00:00:00,323766.0,298295.0
578,2023-01-10 00:00:00,269398.0,106631.0
579,2023-01-11 00:00:00,88972.0,63250.0
580,2023-01-12 00:00:00,127183.0,95353.0
581,2023-01-13 00:00:00,150696.0,123302.0
582,2023-01-14 00:00:00,175173.0,148599.0
583,2023-01-15 00:00:00,183517.0,164012.0
584,2023-01-16 00:00:00,179028.0,160548.0
585,2023-01-17 00:00:00,176563.0,160400.0
586,2023-01-18 00:00:00,156273.0,75755.0
587,2023-01-19 00:00:00,112308.0,71179.0
588,2023-01-20 00:00:00,102997.0,69351.0
589,2023-01-21 00:00:00,130185.0,107819.0
590,2023-01-22 00:00:00,144410.0,120690.0
591,2023-01-23 00:00:00,132510.0,116807.0
592,2023-01-24 00:00:00,130413.0,113023.0
593,2023-01-25 00:00:00,122272.0,82928.0
594,2023-01-26 00:00:00,152529.0,129121.0
595,2023-01-27 00:00:00,161185.0,139807.0
596,2023-01-28 00:00:00,172031.0,151672.0
597,2023-01-29 00:00:00,178868.0,158681.0
598,2023-01-30 00:00:00,176731.0,157481.0
599,2023-01-31 00:00:00,171371.0,150902.0
600,2023-02-01 00:00:00,156887.0,106091.0
601,2023-02-02 00:00:00,187023.0,158226.0
602,2023-02-03 00:00:00,191552.0,174298.0
603,2023-02-04 00:00:00,200862.0,180919.0
604,2023-02-05 00:00:00,206492.0,185951.0
605,2023-02-06 00:00:00,200511.0,182806.0
606,2023-02-07 00:00:00,197160.0,178941.0
607,2023-02-08 00:00:00,173207.0,94860.0
608,2023-02-09 00:00:00,183282.0,131497.0
609,2023-02-10 00:00:00,216428.0,185194.0
610,2023-02-11 00:00:00,224808.0,202495.0
611,2023-02-12 00:00:00,231994.0,209383.0
612,2023-02-13 00:00:00,219098.0,202435.0
613,2023-02-14 00:00:00,200826.0,180921.0
614,2023-02-15 00:00:00,159130.0,104147.0
615,2023-02-16 00:00:00,187044.0,155460.0
616,2023-02-17 00:00:00,188740.0,166783.0
617,2023-02-18 00:00:00,199536.0,180455.0
618,2023-02-19 00:00:00,204768.0,183087.0
619,2023-02-20 00:00:00,195413.0,180369.0
620,2023-02-21 00:00:00,178936.0,166723.0
621,2023-02-22 00:00:00,156455.0,105756.0
622,2023-02-23 00:00:00,204011.0,176474.0
623,2023-02-24 00:00:00,207915.0,192513.0
624,2023-02-25 00:00:00,205521.0,187428.0
625,2023-02-26 00:00:00,208178.0,189277.0
626,2023-02-27 00:00:00,194010.0,176871.0
627,2023-02-28 00:00:00,177071.0,162146.0
628,2023-03-01 00:00:00,183567.0,127794.0
629,2023-03-02 00:00:00,203538.0,179243.0
630,2023-03-03 00:00:00,204617.0,183755.0
631,2023-03-04 00:00:00,212233.0,191763.0
632,2023-03-05 00:00:00,208858.0,193221.0
633,2023-03-06 00:00:00,190910.0,177613.0
634,2023-03-07 00:00:00,172135.0,160487.0
635,2023-03-08 00:00:00,173706.0,124912.0
636,2023-03-09 00:00:00,183493.0,167095.0
637,2023-03-10 00:00:00,164439.0,150581.0
638,2023-03-11 00:00:00,143495.0,134122.0
639,2023-03-12 00:00:00,134072.0,118154.0
640,2023-03-13 00:00:00,127417.0,114430.0
641,2023-03-14 00:00:00,110921.0,93691.0
642,2023-03-15 00:00:00,85847.0,51174.0
643,2023-03-16 00:00:00,101697.0,70252.0
644,2023-03-17 00:00:00,110326.0,91902.0
645,2023-03-18 00:00:00,112735.0,96873.0
646,2023-03-19 00:00:00,109020.0,92505.0
647,2023-03-20 00:00:00,101833.0,86306.0
648,2023-03-21 00:00:00,99872.0,85131.0
649,2023-03-22 00:00:00,81377.0,55824.0
650,2023-03-23 00:00:00,91792.0,71155.0
651,2023-03-24 00:00:00,91013.0,76912.0
652,2023-03-25 00:00:00,94860.0,81902.0
653,2023-03-26 00:00:00,97926.0,82402.0
654,2023-03-27 00:00:00,93165.0,78489.0
655,2023-03-28 00:00:00,90982.0,77117.0
656,2023-03-29 00:00:00,94420.0,60607.0
657,2023-03-30 00:00:00,89241.0,78419.0
658,2023-03-31 00:00:00,87688.0,74852.0
659,2023-04-01 00:00:00,91496.0,77043.0
660,2023-04-02 00:00:00,99663.0,83661.0
661,2023-04-03 00:00:00,94652.0,80067.0
662,2023-04-04 00:00:00,92570.0,78163.0
663,2023-04-05 00:00:00,97347.0,66200.0
664,2023-04-06 00:00:00,104411.0,89624.0
665,2023-04-07 00:00:00,104273.0,91433.0
666,2023-04-08 00:00:00,103836.0,91690.0
667,2023-04-09 00:00:00,103839.0,91732.0
668,2023-04-10 00:00:00,103872.0,89816.0
669,2023-04-11 00:00:00,88115.0,78173.0
670,2023-04-12 00:00:00,69116.0,48878.0
671,2023-04-13 00:00:00,69726.0,50938.0
672,2023-04-14 00:00:00,68321.0,56490.0
673,2023-04-15 00:00:00,75080.0,62059.0
674,2023-04-16 00:00:00,80183.0,65648.0
675,2023-04-17 00:00:00,76957.0,62903.0
676,2023-04-18 00:00:00,69096.0,60136.0
677,2023-04-19 00:00:00,68078.0,46117.0
678,2023-04-20 00:00:00,80671.0,63252.0
679,2023-04-21 00:00:00,82931.0,68828.0
680,2023-04-22 00:00:00,88160.0,75440.0
681,2023-04-23 00:00:00,89919.0,77620.0
682,2023-04-24 00:00:00,90440.0,74446.0
683,2023-04-25 00:00:00,87691.0,72803.0
684,2023-04-26 00:00:00,81187.0,55715.0
685,2023-04-27 00:00:00,93200.0,75207.0
686,2023-04-28 00:00:00,92193.0,78696.0
687,2023-04-29 00:00:00,91507.0,79148.0
688,2023-04-30 00:00:00,93034.0,79255.0
689,2023-05-01 00:00:00,94562.0,79455.0
690,2023-05-02 00:00:00,82494.0,73316.0
691,2023-05-03 00:00:00,87311.0,58451.0
692,2023-05-04 00:00:00,86696.0,70113.0
693,2023-05-05 00:00:00,65413.0,51731.0
694,2023-05-06 00:00:00,84080.0,65866.0
695,2023-05-07 00:00:00,72893.0,63321.0
696,2023-05-08 00:00:00,79997.0,59494.0
697,2023-05-09 00:00:00,80410.0,66436.0
698,2023-05-10 00:00:00,62316.0,40930.0
699,2023-05-11 00:00:00,60165.0,47070.0
700,2023-05-12 00:00:00,64338.0,51434.0
701,2023-05-13 00:00:00,68409.0,56499.0
702,2023-05-14 00:00:00,71498.0,57729.0
703,2023-05-15 00:00:00,63162.0,51295.0
704,2023-05-16 00:00:00,61218.0,48896.0
705,2023-05-17 00:00:00,69221.0,46087.0
706,2023-05-18 00:00:00,70079.0,56410.0
707,2023-05-19 00:00:00,69000.0,57367.0
708,2023-05-20 00:00:00,73392.0,59230.0
709,2023-05-21 00:00:00,74358.0,60754.0
710,2023-05-22 00:00:00,63609.0,51842.0
711,2023-05-23 00:00:00,55427.0,46859.0
712,2023-05-24 00:00:00,58973.0,37782.0
713,2023-05-25 00:00:00,53944.0,42419.0
714,2023-05-26 00:00:00,54576.0,44166.0
715,2023-05-27 00:00:00,54681.0,46110.0
716,2023-05-28 00:00:00,50136.0,42486.0
717,2023-05-29 00:00:00,46654.0,37925.0
718,2023-05-30 00:00:00,42213.0,34013.0
719,2023-05-31 00:00:00,53176.0,33907.0
720,2023-06-01 00:00:00,48576.0,39242.0
721,2023-06-02 00:00:00,43098.0,35427.0
722,2023-06-03 00:00:00,42111.0,35135.0
723,2023-06-04 00:00:00,43117.0,35080.0
724,2023-06-05 00:00:00,38626.0,30851.0
725,2023-06-06 00:00:00,37125.0,30096.0
726,2023-06-07 00:00:00,45268.0,30524.0
727,2023-06-08 00:00:00,45286.0,36630.0
728,2023-06-09 00:00:00,43836.0,35645.0
729,2023-06-10 00:00:00,41189.0,35524.0
730,2023-06-11 00:00:00,42469.0,35421.0
731,2023-06-12 00:00:00,39367.0,31735.0
732,2023-06-13 00:00:00,37858.0,30562.0
733,2023-06-14 00:00:00,51209.0,31425.0
734,2023-06-15 00:00:00,45315.0,35205.0
735,2023-06-16 00:00:00,42617.0,33820.0
736,2023-06-17 00:00:00,42301.0,34581.0
737,2023-06-18 00:00:00,41533.0,33843.0
738,2023-06-19 00:00:00,38247.0,29486.0
739,2023-06-20 00:00:00,37161.0,25576.0
740,2023-06-21 00:00:00,41961.0,27340.0
741,2023-06-22 00:00:00,37946.0,29807.0
742,2023-06-23 00:00:00,36249.0,29154.0
743,2023-06-24 00:00:00,36809.0,30440.0
744,2023-06-25 00:00:00,37635.0,29996.0
745,2023-06-26 00:00:00,33113.0,25807.0
746,2023-06-27 00:00:00,31237.0,24516.0
747,2023-06-28 00:00:00,39275.0,25485.0
748,2023-06-29 00:00:00,35565.0,27819.0
749,2023-06-30 00:00:00,33577.0,26672.0
750,2023-07-01 00:00:00,33482.0,27231.0
751,2023-07-02 00:00:00,34199.0,27142.0
752,2023-07-03 00:00:00,30977.0,23803.0
753,2023-07-04 00:00:00,30210.0,23312.0
754,2023-07-05 00:00:00,36937.0,24040.0
755,2023-07-06 00:00:00,33591.0,26695.0
756,2023-07-07 00:00:00,32068.0,25684.0
757,2023-07-08 00:00:00,32093.0,26475.0
758,2023-07-09 00:00:00,32925.0,26201.0
759,2023-07-10 00:00:00,28947.0,22913.0
760,2023-07-11 00:00:00,28247.0,22505.0
761,2023-07-12 00:00:00,41897.0,24346.0
762,2023-07-13 00:00:00,34730.0,25266.0
763,2023-07-14 00:00:00,34109.0,26885.0
764,2023-07-15 00:00:00,34146.0,27615.0
765,2023-07-16 00:00:00,34946.0,27071.0
766,2023-07-17 00:00:00,30453.0,23533.0
767,2023-07-18 00:00:00,29068.0,22457.0
768,2023-07-19 00:00:00,35927.0,22906.0
769,2023-07-20 00:00:00,31165.0,24805.0
770,2023-07-21 00:00:00,30129.0,23836.0
771,2023-07-22 00:00:00,30280.0,24679.0
772,2023-07-23 00:00:00,30983.0,24168.0
773,2023-07-24 00:00:00,28057.0,21383.0
774,2023-07-25 00:00:00,26211.0,20565.0
775,2023-07-26 00:00:00,33411.0,22161.0
776,2023-07-27 00:00:00,31127.0,23762.0
777,2023-07-28 00:00:00,29432.0,23091.0
778,2023-07-29 00:00:00,29731.0,23975.0
779,2023-07-30 00:00:00,30808.0,23930.0
780,2023-07-31 00:00:00,27320.0,21221.0
781,2023-08-01 00:00:00,26887.0,20558.0
782,2023-08-02 00:00:00,32982.0,21077.0
783,2023-08-03 00:00:00,30510.0,23408.0
784,2023-08-04 00:00:00,28624.0,22924.0
785,2023-08-05 00:00:00,29373.0,23489.0
786,2023-08-06 00:00:00,30398.0,23566.0
787,2023-08-07 00:00:00,26694.0,20962.0
788,2023-08-08 00:00:00,26086.0,19941.0
789,2023-08-09 00:00:00,34680.0,20966.0
790,2023-08-10 00:00:00,32587.0,25164.0
791,2023-08-11 00:00:00,30831.0,24473.0
792,2023-08-12 00:00:00,30412.0,24688.0
793,2023-08-13 00:00:00,30716.0,24161.0
794,2023-08-14 00:00:00,27470.0,21794.0
795,2023-08-15 00:00:00,25907.0,20496.0
796,2023-08-16 00:00:00,47729.0,12947.0
797,2023-08-17 00:00:00,46169.0,37202.0
798,2023-08-18 00:00:00,41835.0,33208.0
799,2023-08-19 00:00:00,41569.0,33609.0
800,2023-08-20 00:00:00,42180.0,33310.0
801,2023-08-21 00:00:00,37897.0,29351.0
802,2023-08-22 00:00:00,37191.0,28338.0
803,2023-08-23 00:00:00,42703.0,28756.0
804,2023-08-24 00:00:00,40025.0,31227.0
805,2023-08-25 00:00:00,40216.0,31629.0
806,2023-08-26 00:00:00,41283.0,33187.0
807,2023-08-27 00:00:00,42871.0,33314.0
808,2023-08-28 00:00:00,36900.0,29153.0
809,2023-08-29 00:00:00,35880.0,28075.0
810,2023-08-30 00:00:00,27881.0,17240.0
811,2023-08-31 00:00:00,40645.0,31449.0
812,2023-09-01 00:00:00,37734.0,29771.0
813,2023-09-02 00:00:00,38101.0,30423.0
814,2023-09-03 00:00:00,38743.0,30090.0
815,2023-09-04 00:00:00,36229.0,27370.0
816,2023-09-05 00:00:00,32973.0,25331.0
817,2023-09-06 00:00:00,40510.0,24896.0
818,2023-09-07 00:00:00,39115.0,29776.0
819,2023-09-08 00:00:00,37568.0,29924.0
820,2023-09-09 00:00:00,38891.0,31334.0
821,2023-09-10 00:00:00,40124.0,31381.0
822,2023-09-11 00:00:00,35271.0,27481.0
823,2023-09-12 00:00:00,35534.0,27261.0
824,2023-09-13 00:00:00,55818.0,28059.0
825,2023-09-14 00:00:00,53770.0,37796.0
826,2023-09-15 00:00:00,50440.0,40522.0
827,2023-09-16 00:00:00,52038.0,42220.0
828,2023-09-17 00:00:00,52263.0,41724.0
829,2023-09-18 00:00:00,45861.0,35831.0
830,2023-09-19 00:00:00,45153.0,34271.0
831,2023-09-20 00:00:00,54695.0,33654.0
832,2023-09-21 00:00:00,49670.0,39644.0
833,2023-09-22 00:00:00,50602.0,39245.0
834,2023-09-23 00:00:00,51237.0,41282.0
835,2023-09-24 00:00:00,51844.0,40353.0
836,2023-09-25 00:00:00,45824.0,35234.0
837,2023-09-26 00:00:00,42563.0,33492.0
838,2023-09-27 00:00:00,53643.0,32503.0
839,2023-09-28 00:00:00,48328.0,38708.0
840,2023-09-29 00:00:00,46746.0,38697.0
841,2023-09-30 00:00:00,49569.0,39707.0
842,2023-10-01 00:00:00,47194.0,37701.0
843,2023-10-02 00:00:00,42540.0,33475.0
844,2023-10-03 00:00:00,40861.0,32344.0
845,2023-10-04 00:00:00,53225.0,32229.0
846,2023-10-05 00:00:00,51521.0,41177.0
847,2023-10-06 00:00:00,48661.0,39882.0
848,2023-10-07 00:00:00,51135.0,41105.0
849,2023-10-08 00:00:00,49803.0,41112.0
850,2023-10-09 00:00:00,49889.0,37271.0
851,2023-10-10 00:00:00,46346.0,35939.0
852,2023-10-11 00:00:00,50800.0,28527.0
853,2023-10-12 00:00:00,55958.0,44304.0
854,2023-10-13 00:00:00,49585.0,40952.0
855,2023-10-14 00:00:00,51541.0,41692.0
856,2023-10-15 00:00:00,48581.0,40116.0
857,2023-10-16 00:00:00,45089.0,35992.0
858,2023-10-17 00:00:00,41800.0,32147.0
859,2023-10-18 00:00:00,52358.0,29831.0
